INFO - 2026-07-17 13:43:51 --> Session: Class initialized using 'CodeIgniter\Session\Handlers\FileHandler' driver.
INFO - 2026-07-17 13:43:51 --> Session: Class initialized using 'CodeIgniter\Session\Handlers\FileHandler' driver.
INFO - 2026-07-17 13:43:51 --> Session: Class initialized using 'CodeIgniter\Session\Handlers\FileHandler' driver.
INFO - 2026-07-17 13:43:58 --> Session: Class initialized using 'CodeIgniter\Session\Handlers\FileHandler' driver.
INFO - 2026-07-17 13:43:59 --> Session: Class initialized using 'CodeIgniter\Session\Handlers\FileHandler' driver.
INFO - 2026-07-17 13:44:10 --> Session: Class initialized using 'CodeIgniter\Session\Handlers\FileHandler' driver.
INFO - 2026-07-17 13:44:11 --> Session: Class initialized using 'CodeIgniter\Session\Handlers\FileHandler' driver.
INFO - 2026-07-17 13:44:12 --> Session: Class initialized using 'CodeIgniter\Session\Handlers\FileHandler' driver.
INFO - 2026-07-17 13:44:19 --> Session: Class initialized using 'CodeIgniter\Session\Handlers\FileHandler' driver.
INFO - 2026-07-17 13:44:19 --> Session: Class initialized using 'CodeIgniter\Session\Handlers\FileHandler' driver.
INFO - 2026-07-17 13:44:24 --> Session: Class initialized using 'CodeIgniter\Session\Handlers\FileHandler' driver.
INFO - 2026-07-17 13:46:15 --> Session: Class initialized using 'CodeIgniter\Session\Handlers\FileHandler' driver.
INFO - 2026-07-17 13:46:17 --> Session: Class initialized using 'CodeIgniter\Session\Handlers\FileHandler' driver.
INFO - 2026-07-17 13:48:09 --> Session: Class initialized using 'CodeIgniter\Session\Handlers\FileHandler' driver.
INFO - 2026-07-17 13:49:35 --> Session: Class initialized using 'CodeIgniter\Session\Handlers\FileHandler' driver.
INFO - 2026-07-17 13:49:37 --> Session: Class initialized using 'CodeIgniter\Session\Handlers\FileHandler' driver.
INFO - 2026-07-17 13:49:38 --> Session: Class initialized using 'CodeIgniter\Session\Handlers\FileHandler' driver.
INFO - 2026-07-17 13:49:39 --> Session: Class initialized using 'CodeIgniter\Session\Handlers\FileHandler' driver.
INFO - 2026-07-17 13:49:40 --> Session: Class initialized using 'CodeIgniter\Session\Handlers\FileHandler' driver.
INFO - 2026-07-17 13:50:02 --> Session: Class initialized using 'CodeIgniter\Session\Handlers\FileHandler' driver.
INFO - 2026-07-17 13:50:03 --> Session: Class initialized using 'CodeIgniter\Session\Handlers\FileHandler' driver.
INFO - 2026-07-17 13:50:06 --> Session: Class initialized using 'CodeIgniter\Session\Handlers\FileHandler' driver.
INFO - 2026-07-17 13:50:07 --> Session: Class initialized using 'CodeIgniter\Session\Handlers\FileHandler' driver.
INFO - 2026-07-17 13:50:14 --> Session: Class initialized using 'CodeIgniter\Session\Handlers\FileHandler' driver.
INFO - 2026-07-17 13:50:15 --> Session: Class initialized using 'CodeIgniter\Session\Handlers\FileHandler' driver.
INFO - 2026-07-17 13:50:17 --> Session: Class initialized using 'CodeIgniter\Session\Handlers\FileHandler' driver.
INFO - 2026-07-17 13:50:55 --> Session: Class initialized using 'CodeIgniter\Session\Handlers\FileHandler' driver.
INFO - 2026-07-17 13:50:56 --> Session: Class initialized using 'CodeIgniter\Session\Handlers\FileHandler' driver.
INFO - 2026-07-17 13:50:56 --> Session: Class initialized using 'CodeIgniter\Session\Handlers\FileHandler' driver.
INFO - 2026-07-17 13:51:00 --> Session: Class initialized using 'CodeIgniter\Session\Handlers\FileHandler' driver.
INFO - 2026-07-17 13:51:00 --> Session: Class initialized using 'CodeIgniter\Session\Handlers\FileHandler' driver.
INFO - 2026-07-17 13:51:02 --> Session: Class initialized using 'CodeIgniter\Session\Handlers\FileHandler' driver.
INFO - 2026-07-17 13:51:12 --> Session: Class initialized using 'CodeIgniter\Session\Handlers\FileHandler' driver.
INFO - 2026-07-17 13:52:56 --> Session: Class initialized using 'CodeIgniter\Session\Handlers\FileHandler' driver.
INFO - 2026-07-17 13:53:00 --> Session: Class initialized using 'CodeIgniter\Session\Handlers\FileHandler' driver.
ERROR - 2026-07-17 13:53:00 --> mysqli_sql_exception: Table 'robinfood.sale_items' doesn't exist in D:\xamp\htdocs\robinfood\vendor\codeigniter4\framework\system\Database\MySQLi\Connection.php:306
Stack trace:
#0 D:\xamp\htdocs\robinfood\vendor\codeigniter4\framework\system\Database\MySQLi\Connection.php(306): mysqli->query('SELECT `product...', 0)
#1 D:\xamp\htdocs\robinfood\vendor\codeigniter4\framework\system\Database\BaseConnection.php(693): CodeIgniter\Database\MySQLi\Connection->execute('SELECT `product...')
#2 D:\xamp\htdocs\robinfood\vendor\codeigniter4\framework\system\Database\BaseConnection.php(607): CodeIgniter\Database\BaseConnection->simpleQuery('SELECT `product...')
#3 D:\xamp\htdocs\robinfood\vendor\codeigniter4\framework\system\Database\BaseBuilder.php(1616): CodeIgniter\Database\BaseConnection->query('SELECT `product...', Array, false)
#4 D:\xamp\htdocs\robinfood\vendor\codeigniter4\framework\system\Model.php(877): CodeIgniter\Database\BaseBuilder->get()
#5 D:\xamp\htdocs\robinfood\app\Controllers\admin\InventoryController.php(227): CodeIgniter\Model->__call('get', Array)
#6 D:\xamp\htdocs\robinfood\vendor\codeigniter4\framework\system\CodeIgniter.php(943): App\Controllers\admin\InventoryController->updateSave()
#7 D:\xamp\htdocs\robinfood\vendor\codeigniter4\framework\system\CodeIgniter.php(503): CodeIgniter\CodeIgniter->runController(Object(App\Controllers\admin\InventoryController))
#8 D:\xamp\htdocs\robinfood\vendor\codeigniter4\framework\system\CodeIgniter.php(361): CodeIgniter\CodeIgniter->handleRequest(NULL, Object(Config\Cache), false)
#9 D:\xamp\htdocs\robinfood\index.php(79): CodeIgniter\CodeIgniter->run()
#10 {main}
CRITICAL - 2026-07-17 13:53:00 --> Error: Call to a member function getResultArray() on bool
in APPPATH\Controllers\admin\InventoryController.php on line 227.
 1 SYSTEMPATH\CodeIgniter.php(943): App\Controllers\admin\InventoryController->updateSave()
 2 SYSTEMPATH\CodeIgniter.php(503): CodeIgniter\CodeIgniter->runController(Object(App\Controllers\admin\InventoryController))
 3 SYSTEMPATH\CodeIgniter.php(361): CodeIgniter\CodeIgniter->handleRequest(null, Object(Config\Cache), false)
 4 FCPATH\index.php(79): CodeIgniter\CodeIgniter->run()
INFO - 2026-07-17 13:54:25 --> Session: Class initialized using 'CodeIgniter\Session\Handlers\FileHandler' driver.
INFO - 2026-07-17 13:54:46 --> Session: Class initialized using 'CodeIgniter\Session\Handlers\FileHandler' driver.
INFO - 2026-07-17 13:55:25 --> Session: Class initialized using 'CodeIgniter\Session\Handlers\FileHandler' driver.
INFO - 2026-07-17 13:55:50 --> Session: Class initialized using 'CodeIgniter\Session\Handlers\FileHandler' driver.
ERROR - 2026-07-17 13:55:50 --> mysqli_sql_exception: Table 'robinfood.sale_items' doesn't exist in D:\xamp\htdocs\robinfood\vendor\codeigniter4\framework\system\Database\MySQLi\Connection.php:306
Stack trace:
#0 D:\xamp\htdocs\robinfood\vendor\codeigniter4\framework\system\Database\MySQLi\Connection.php(306): mysqli->query('SELECT `product...', 0)
#1 D:\xamp\htdocs\robinfood\vendor\codeigniter4\framework\system\Database\BaseConnection.php(693): CodeIgniter\Database\MySQLi\Connection->execute('SELECT `product...')
#2 D:\xamp\htdocs\robinfood\vendor\codeigniter4\framework\system\Database\BaseConnection.php(607): CodeIgniter\Database\BaseConnection->simpleQuery('SELECT `product...')
#3 D:\xamp\htdocs\robinfood\vendor\codeigniter4\framework\system\Database\BaseBuilder.php(1616): CodeIgniter\Database\BaseConnection->query('SELECT `product...', Array, false)
#4 D:\xamp\htdocs\robinfood\vendor\codeigniter4\framework\system\Model.php(877): CodeIgniter\Database\BaseBuilder->get()
#5 D:\xamp\htdocs\robinfood\app\Controllers\admin\InventoryController.php(229): CodeIgniter\Model->__call('get', Array)
#6 D:\xamp\htdocs\robinfood\vendor\codeigniter4\framework\system\CodeIgniter.php(943): App\Controllers\admin\InventoryController->updateSave()
#7 D:\xamp\htdocs\robinfood\vendor\codeigniter4\framework\system\CodeIgniter.php(503): CodeIgniter\CodeIgniter->runController(Object(App\Controllers\admin\InventoryController))
#8 D:\xamp\htdocs\robinfood\vendor\codeigniter4\framework\system\CodeIgniter.php(361): CodeIgniter\CodeIgniter->handleRequest(NULL, Object(Config\Cache), false)
#9 D:\xamp\htdocs\robinfood\index.php(79): CodeIgniter\CodeIgniter->run()
#10 {main}
CRITICAL - 2026-07-17 13:55:50 --> Error: Call to a member function getResultArray() on bool
in APPPATH\Controllers\admin\InventoryController.php on line 229.
 1 SYSTEMPATH\CodeIgniter.php(943): App\Controllers\admin\InventoryController->updateSave()
 2 SYSTEMPATH\CodeIgniter.php(503): CodeIgniter\CodeIgniter->runController(Object(App\Controllers\admin\InventoryController))
 3 SYSTEMPATH\CodeIgniter.php(361): CodeIgniter\CodeIgniter->handleRequest(null, Object(Config\Cache), false)
 4 FCPATH\index.php(79): CodeIgniter\CodeIgniter->run()
INFO - 2026-07-17 13:56:48 --> Session: Class initialized using 'CodeIgniter\Session\Handlers\FileHandler' driver.
ERROR - 2026-07-17 13:56:48 --> mysqli_sql_exception: Table 'robinfood.sale_items' doesn't exist in D:\xamp\htdocs\robinfood\vendor\codeigniter4\framework\system\Database\MySQLi\Connection.php:306
Stack trace:
#0 D:\xamp\htdocs\robinfood\vendor\codeigniter4\framework\system\Database\MySQLi\Connection.php(306): mysqli->query('SELECT `product...', 0)
#1 D:\xamp\htdocs\robinfood\vendor\codeigniter4\framework\system\Database\BaseConnection.php(693): CodeIgniter\Database\MySQLi\Connection->execute('SELECT `product...')
#2 D:\xamp\htdocs\robinfood\vendor\codeigniter4\framework\system\Database\BaseConnection.php(607): CodeIgniter\Database\BaseConnection->simpleQuery('SELECT `product...')
#3 D:\xamp\htdocs\robinfood\vendor\codeigniter4\framework\system\Database\BaseBuilder.php(1616): CodeIgniter\Database\BaseConnection->query('SELECT `product...', Array, false)
#4 D:\xamp\htdocs\robinfood\vendor\codeigniter4\framework\system\Model.php(877): CodeIgniter\Database\BaseBuilder->get()
#5 D:\xamp\htdocs\robinfood\app\Controllers\admin\InventoryController.php(229): CodeIgniter\Model->__call('get', Array)
#6 D:\xamp\htdocs\robinfood\vendor\codeigniter4\framework\system\CodeIgniter.php(943): App\Controllers\admin\InventoryController->updateSave()
#7 D:\xamp\htdocs\robinfood\vendor\codeigniter4\framework\system\CodeIgniter.php(503): CodeIgniter\CodeIgniter->runController(Object(App\Controllers\admin\InventoryController))
#8 D:\xamp\htdocs\robinfood\vendor\codeigniter4\framework\system\CodeIgniter.php(361): CodeIgniter\CodeIgniter->handleRequest(NULL, Object(Config\Cache), false)
#9 D:\xamp\htdocs\robinfood\index.php(79): CodeIgniter\CodeIgniter->run()
#10 {main}
CRITICAL - 2026-07-17 13:56:48 --> Error: Call to a member function getResultArray() on bool
in APPPATH\Controllers\admin\InventoryController.php on line 229.
 1 SYSTEMPATH\CodeIgniter.php(943): App\Controllers\admin\InventoryController->updateSave()
 2 SYSTEMPATH\CodeIgniter.php(503): CodeIgniter\CodeIgniter->runController(Object(App\Controllers\admin\InventoryController))
 3 SYSTEMPATH\CodeIgniter.php(361): CodeIgniter\CodeIgniter->handleRequest(null, Object(Config\Cache), false)
 4 FCPATH\index.php(79): CodeIgniter\CodeIgniter->run()
INFO - 2026-07-17 13:57:18 --> Session: Class initialized using 'CodeIgniter\Session\Handlers\FileHandler' driver.
INFO - 2026-07-17 13:57:23 --> Session: Class initialized using 'CodeIgniter\Session\Handlers\FileHandler' driver.
ERROR - 2026-07-17 13:57:24 --> mysqli_sql_exception: Table 'robinfood.sale_items' doesn't exist in D:\xamp\htdocs\robinfood\vendor\codeigniter4\framework\system\Database\MySQLi\Connection.php:306
Stack trace:
#0 D:\xamp\htdocs\robinfood\vendor\codeigniter4\framework\system\Database\MySQLi\Connection.php(306): mysqli->query('SELECT `product...', 0)
#1 D:\xamp\htdocs\robinfood\vendor\codeigniter4\framework\system\Database\BaseConnection.php(693): CodeIgniter\Database\MySQLi\Connection->execute('SELECT `product...')
#2 D:\xamp\htdocs\robinfood\vendor\codeigniter4\framework\system\Database\BaseConnection.php(607): CodeIgniter\Database\BaseConnection->simpleQuery('SELECT `product...')
#3 D:\xamp\htdocs\robinfood\vendor\codeigniter4\framework\system\Database\BaseBuilder.php(1616): CodeIgniter\Database\BaseConnection->query('SELECT `product...', Array, false)
#4 D:\xamp\htdocs\robinfood\vendor\codeigniter4\framework\system\Model.php(877): CodeIgniter\Database\BaseBuilder->get()
#5 D:\xamp\htdocs\robinfood\app\Controllers\admin\InventoryController.php(229): CodeIgniter\Model->__call('get', Array)
#6 D:\xamp\htdocs\robinfood\vendor\codeigniter4\framework\system\CodeIgniter.php(943): App\Controllers\admin\InventoryController->updateSave()
#7 D:\xamp\htdocs\robinfood\vendor\codeigniter4\framework\system\CodeIgniter.php(503): CodeIgniter\CodeIgniter->runController(Object(App\Controllers\admin\InventoryController))
#8 D:\xamp\htdocs\robinfood\vendor\codeigniter4\framework\system\CodeIgniter.php(361): CodeIgniter\CodeIgniter->handleRequest(NULL, Object(Config\Cache), false)
#9 D:\xamp\htdocs\robinfood\index.php(79): CodeIgniter\CodeIgniter->run()
#10 {main}
CRITICAL - 2026-07-17 13:57:24 --> Error: Call to a member function getResultArray() on bool
in APPPATH\Controllers\admin\InventoryController.php on line 229.
 1 SYSTEMPATH\CodeIgniter.php(943): App\Controllers\admin\InventoryController->updateSave()
 2 SYSTEMPATH\CodeIgniter.php(503): CodeIgniter\CodeIgniter->runController(Object(App\Controllers\admin\InventoryController))
 3 SYSTEMPATH\CodeIgniter.php(361): CodeIgniter\CodeIgniter->handleRequest(null, Object(Config\Cache), false)
 4 FCPATH\index.php(79): CodeIgniter\CodeIgniter->run()
INFO - 2026-07-17 13:58:09 --> Session: Class initialized using 'CodeIgniter\Session\Handlers\FileHandler' driver.
INFO - 2026-07-17 13:59:03 --> Session: Class initialized using 'CodeIgniter\Session\Handlers\FileHandler' driver.
INFO - 2026-07-17 13:59:11 --> Session: Class initialized using 'CodeIgniter\Session\Handlers\FileHandler' driver.
ERROR - 2026-07-17 13:59:11 --> mysqli_sql_exception: Table 'robinfood.sale_items' doesn't exist in D:\xamp\htdocs\robinfood\vendor\codeigniter4\framework\system\Database\MySQLi\Connection.php:306
Stack trace:
#0 D:\xamp\htdocs\robinfood\vendor\codeigniter4\framework\system\Database\MySQLi\Connection.php(306): mysqli->query('SELECT `product...', 0)
#1 D:\xamp\htdocs\robinfood\vendor\codeigniter4\framework\system\Database\BaseConnection.php(693): CodeIgniter\Database\MySQLi\Connection->execute('SELECT `product...')
#2 D:\xamp\htdocs\robinfood\vendor\codeigniter4\framework\system\Database\BaseConnection.php(607): CodeIgniter\Database\BaseConnection->simpleQuery('SELECT `product...')
#3 D:\xamp\htdocs\robinfood\vendor\codeigniter4\framework\system\Database\BaseBuilder.php(1616): CodeIgniter\Database\BaseConnection->query('SELECT `product...', Array, false)
#4 D:\xamp\htdocs\robinfood\vendor\codeigniter4\framework\system\Model.php(877): CodeIgniter\Database\BaseBuilder->get()
#5 D:\xamp\htdocs\robinfood\app\Controllers\admin\InventoryController.php(233): CodeIgniter\Model->__call('get', Array)
#6 D:\xamp\htdocs\robinfood\vendor\codeigniter4\framework\system\CodeIgniter.php(943): App\Controllers\admin\InventoryController->updateSave()
#7 D:\xamp\htdocs\robinfood\vendor\codeigniter4\framework\system\CodeIgniter.php(503): CodeIgniter\CodeIgniter->runController(Object(App\Controllers\admin\InventoryController))
#8 D:\xamp\htdocs\robinfood\vendor\codeigniter4\framework\system\CodeIgniter.php(361): CodeIgniter\CodeIgniter->handleRequest(NULL, Object(Config\Cache), false)
#9 D:\xamp\htdocs\robinfood\index.php(79): CodeIgniter\CodeIgniter->run()
#10 {main}
CRITICAL - 2026-07-17 13:59:11 --> ErrorException: foreach() argument must be of type array|object, bool given
in APPPATH\Controllers\admin\InventoryController.php on line 236.
 1 APPPATH\Controllers\admin\InventoryController.php(236): CodeIgniter\Debug\Exceptions->errorHandler(2, 'foreach() argument must be of type array|object, bool given', 'D:\\xamp\\htdocs\\robinfood\\app\\Controllers\\admin\\InventoryController.php', 236)
 2 SYSTEMPATH\CodeIgniter.php(943): App\Controllers\admin\InventoryController->updateSave()
 3 SYSTEMPATH\CodeIgniter.php(503): CodeIgniter\CodeIgniter->runController(Object(App\Controllers\admin\InventoryController))
 4 SYSTEMPATH\CodeIgniter.php(361): CodeIgniter\CodeIgniter->handleRequest(null, Object(Config\Cache), false)
 5 FCPATH\index.php(79): CodeIgniter\CodeIgniter->run()
INFO - 2026-07-17 14:00:12 --> Session: Class initialized using 'CodeIgniter\Session\Handlers\FileHandler' driver.
ERROR - 2026-07-17 14:00:12 --> mysqli_sql_exception: Table 'robinfood.sale_items' doesn't exist in D:\xamp\htdocs\robinfood\vendor\codeigniter4\framework\system\Database\MySQLi\Connection.php:306
Stack trace:
#0 D:\xamp\htdocs\robinfood\vendor\codeigniter4\framework\system\Database\MySQLi\Connection.php(306): mysqli->query('SELECT `product...', 0)
#1 D:\xamp\htdocs\robinfood\vendor\codeigniter4\framework\system\Database\BaseConnection.php(693): CodeIgniter\Database\MySQLi\Connection->execute('SELECT `product...')
#2 D:\xamp\htdocs\robinfood\vendor\codeigniter4\framework\system\Database\BaseConnection.php(607): CodeIgniter\Database\BaseConnection->simpleQuery('SELECT `product...')
#3 D:\xamp\htdocs\robinfood\vendor\codeigniter4\framework\system\Database\BaseBuilder.php(1616): CodeIgniter\Database\BaseConnection->query('SELECT `product...', Array, false)
#4 D:\xamp\htdocs\robinfood\vendor\codeigniter4\framework\system\Model.php(877): CodeIgniter\Database\BaseBuilder->get()
#5 D:\xamp\htdocs\robinfood\app\Controllers\admin\InventoryController.php(229): CodeIgniter\Model->__call('get', Array)
#6 D:\xamp\htdocs\robinfood\vendor\codeigniter4\framework\system\CodeIgniter.php(943): App\Controllers\admin\InventoryController->updateSave()
#7 D:\xamp\htdocs\robinfood\vendor\codeigniter4\framework\system\CodeIgniter.php(503): CodeIgniter\CodeIgniter->runController(Object(App\Controllers\admin\InventoryController))
#8 D:\xamp\htdocs\robinfood\vendor\codeigniter4\framework\system\CodeIgniter.php(361): CodeIgniter\CodeIgniter->handleRequest(NULL, Object(Config\Cache), false)
#9 D:\xamp\htdocs\robinfood\index.php(79): CodeIgniter\CodeIgniter->run()
#10 {main}
CRITICAL - 2026-07-17 14:00:12 --> Error: Call to a member function getResultArray() on bool
in APPPATH\Controllers\admin\InventoryController.php on line 229.
 1 SYSTEMPATH\CodeIgniter.php(943): App\Controllers\admin\InventoryController->updateSave()
 2 SYSTEMPATH\CodeIgniter.php(503): CodeIgniter\CodeIgniter->runController(Object(App\Controllers\admin\InventoryController))
 3 SYSTEMPATH\CodeIgniter.php(361): CodeIgniter\CodeIgniter->handleRequest(null, Object(Config\Cache), false)
 4 FCPATH\index.php(79): CodeIgniter\CodeIgniter->run()
INFO - 2026-07-17 14:00:28 --> Session: Class initialized using 'CodeIgniter\Session\Handlers\FileHandler' driver.
ERROR - 2026-07-17 14:00:28 --> mysqli_sql_exception: Table 'robinfood.sale_items' doesn't exist in D:\xamp\htdocs\robinfood\vendor\codeigniter4\framework\system\Database\MySQLi\Connection.php:306
Stack trace:
#0 D:\xamp\htdocs\robinfood\vendor\codeigniter4\framework\system\Database\MySQLi\Connection.php(306): mysqli->query('SELECT `product...', 0)
#1 D:\xamp\htdocs\robinfood\vendor\codeigniter4\framework\system\Database\BaseConnection.php(693): CodeIgniter\Database\MySQLi\Connection->execute('SELECT `product...')
#2 D:\xamp\htdocs\robinfood\vendor\codeigniter4\framework\system\Database\BaseConnection.php(607): CodeIgniter\Database\BaseConnection->simpleQuery('SELECT `product...')
#3 D:\xamp\htdocs\robinfood\vendor\codeigniter4\framework\system\Database\BaseBuilder.php(1616): CodeIgniter\Database\BaseConnection->query('SELECT `product...', Array, false)
#4 D:\xamp\htdocs\robinfood\vendor\codeigniter4\framework\system\Model.php(877): CodeIgniter\Database\BaseBuilder->get()
#5 D:\xamp\htdocs\robinfood\app\Controllers\admin\InventoryController.php(229): CodeIgniter\Model->__call('get', Array)
#6 D:\xamp\htdocs\robinfood\vendor\codeigniter4\framework\system\CodeIgniter.php(943): App\Controllers\admin\InventoryController->updateSave()
#7 D:\xamp\htdocs\robinfood\vendor\codeigniter4\framework\system\CodeIgniter.php(503): CodeIgniter\CodeIgniter->runController(Object(App\Controllers\admin\InventoryController))
#8 D:\xamp\htdocs\robinfood\vendor\codeigniter4\framework\system\CodeIgniter.php(361): CodeIgniter\CodeIgniter->handleRequest(NULL, Object(Config\Cache), false)
#9 D:\xamp\htdocs\robinfood\index.php(79): CodeIgniter\CodeIgniter->run()
#10 {main}
CRITICAL - 2026-07-17 14:00:28 --> Error: Call to a member function getResultArray() on bool
in APPPATH\Controllers\admin\InventoryController.php on line 229.
 1 SYSTEMPATH\CodeIgniter.php(943): App\Controllers\admin\InventoryController->updateSave()
 2 SYSTEMPATH\CodeIgniter.php(503): CodeIgniter\CodeIgniter->runController(Object(App\Controllers\admin\InventoryController))
 3 SYSTEMPATH\CodeIgniter.php(361): CodeIgniter\CodeIgniter->handleRequest(null, Object(Config\Cache), false)
 4 FCPATH\index.php(79): CodeIgniter\CodeIgniter->run()
INFO - 2026-07-17 14:02:17 --> Session: Class initialized using 'CodeIgniter\Session\Handlers\FileHandler' driver.
ERROR - 2026-07-17 14:02:17 --> mysqli_sql_exception: Table 'robinfood.sale_items' doesn't exist in D:\xamp\htdocs\robinfood\vendor\codeigniter4\framework\system\Database\MySQLi\Connection.php:306
Stack trace:
#0 D:\xamp\htdocs\robinfood\vendor\codeigniter4\framework\system\Database\MySQLi\Connection.php(306): mysqli->query('SELECT `product...', 0)
#1 D:\xamp\htdocs\robinfood\vendor\codeigniter4\framework\system\Database\BaseConnection.php(693): CodeIgniter\Database\MySQLi\Connection->execute('SELECT `product...')
#2 D:\xamp\htdocs\robinfood\vendor\codeigniter4\framework\system\Database\BaseConnection.php(607): CodeIgniter\Database\BaseConnection->simpleQuery('SELECT `product...')
#3 D:\xamp\htdocs\robinfood\vendor\codeigniter4\framework\system\Database\BaseBuilder.php(1616): CodeIgniter\Database\BaseConnection->query('SELECT `product...', Array, false)
#4 D:\xamp\htdocs\robinfood\vendor\codeigniter4\framework\system\Model.php(877): CodeIgniter\Database\BaseBuilder->get()
#5 D:\xamp\htdocs\robinfood\app\Controllers\admin\InventoryController.php(234): CodeIgniter\Model->__call('get', Array)
#6 D:\xamp\htdocs\robinfood\vendor\codeigniter4\framework\system\CodeIgniter.php(943): App\Controllers\admin\InventoryController->updateSave()
#7 D:\xamp\htdocs\robinfood\vendor\codeigniter4\framework\system\CodeIgniter.php(503): CodeIgniter\CodeIgniter->runController(Object(App\Controllers\admin\InventoryController))
#8 D:\xamp\htdocs\robinfood\vendor\codeigniter4\framework\system\CodeIgniter.php(361): CodeIgniter\CodeIgniter->handleRequest(NULL, Object(Config\Cache), false)
#9 D:\xamp\htdocs\robinfood\index.php(79): CodeIgniter\CodeIgniter->run()
#10 {main}
CRITICAL - 2026-07-17 14:02:17 --> Error: Call to a member function getResultArray() on bool
in APPPATH\Controllers\admin\InventoryController.php on line 235.
 1 SYSTEMPATH\CodeIgniter.php(943): App\Controllers\admin\InventoryController->updateSave()
 2 SYSTEMPATH\CodeIgniter.php(503): CodeIgniter\CodeIgniter->runController(Object(App\Controllers\admin\InventoryController))
 3 SYSTEMPATH\CodeIgniter.php(361): CodeIgniter\CodeIgniter->handleRequest(null, Object(Config\Cache), false)
 4 FCPATH\index.php(79): CodeIgniter\CodeIgniter->run()
INFO - 2026-07-17 14:02:24 --> Session: Class initialized using 'CodeIgniter\Session\Handlers\FileHandler' driver.
ERROR - 2026-07-17 14:02:24 --> mysqli_sql_exception: Table 'robinfood.sale_items' doesn't exist in D:\xamp\htdocs\robinfood\vendor\codeigniter4\framework\system\Database\MySQLi\Connection.php:306
Stack trace:
#0 D:\xamp\htdocs\robinfood\vendor\codeigniter4\framework\system\Database\MySQLi\Connection.php(306): mysqli->query('SELECT `product...', 0)
#1 D:\xamp\htdocs\robinfood\vendor\codeigniter4\framework\system\Database\BaseConnection.php(693): CodeIgniter\Database\MySQLi\Connection->execute('SELECT `product...')
#2 D:\xamp\htdocs\robinfood\vendor\codeigniter4\framework\system\Database\BaseConnection.php(607): CodeIgniter\Database\BaseConnection->simpleQuery('SELECT `product...')
#3 D:\xamp\htdocs\robinfood\vendor\codeigniter4\framework\system\Database\BaseBuilder.php(1616): CodeIgniter\Database\BaseConnection->query('SELECT `product...', Array, false)
#4 D:\xamp\htdocs\robinfood\vendor\codeigniter4\framework\system\Model.php(877): CodeIgniter\Database\BaseBuilder->get()
#5 D:\xamp\htdocs\robinfood\app\Controllers\admin\InventoryController.php(234): CodeIgniter\Model->__call('get', Array)
#6 D:\xamp\htdocs\robinfood\vendor\codeigniter4\framework\system\CodeIgniter.php(943): App\Controllers\admin\InventoryController->updateSave()
#7 D:\xamp\htdocs\robinfood\vendor\codeigniter4\framework\system\CodeIgniter.php(503): CodeIgniter\CodeIgniter->runController(Object(App\Controllers\admin\InventoryController))
#8 D:\xamp\htdocs\robinfood\vendor\codeigniter4\framework\system\CodeIgniter.php(361): CodeIgniter\CodeIgniter->handleRequest(NULL, Object(Config\Cache), false)
#9 D:\xamp\htdocs\robinfood\index.php(79): CodeIgniter\CodeIgniter->run()
#10 {main}
CRITICAL - 2026-07-17 14:02:24 --> Error: Call to a member function getResultArray() on bool
in APPPATH\Controllers\admin\InventoryController.php on line 235.
 1 SYSTEMPATH\CodeIgniter.php(943): App\Controllers\admin\InventoryController->updateSave()
 2 SYSTEMPATH\CodeIgniter.php(503): CodeIgniter\CodeIgniter->runController(Object(App\Controllers\admin\InventoryController))
 3 SYSTEMPATH\CodeIgniter.php(361): CodeIgniter\CodeIgniter->handleRequest(null, Object(Config\Cache), false)
 4 FCPATH\index.php(79): CodeIgniter\CodeIgniter->run()
INFO - 2026-07-17 14:06:01 --> Session: Class initialized using 'CodeIgniter\Session\Handlers\FileHandler' driver.
INFO - 2026-07-17 14:06:07 --> Session: Class initialized using 'CodeIgniter\Session\Handlers\FileHandler' driver.
ERROR - 2026-07-17 14:06:07 --> mysqli_sql_exception: Table 'robinfood.sale_items' doesn't exist in D:\xamp\htdocs\robinfood\vendor\codeigniter4\framework\system\Database\MySQLi\Connection.php:306
Stack trace:
#0 D:\xamp\htdocs\robinfood\vendor\codeigniter4\framework\system\Database\MySQLi\Connection.php(306): mysqli->query('SELECT `product...', 0)
#1 D:\xamp\htdocs\robinfood\vendor\codeigniter4\framework\system\Database\BaseConnection.php(693): CodeIgniter\Database\MySQLi\Connection->execute('SELECT `product...')
#2 D:\xamp\htdocs\robinfood\vendor\codeigniter4\framework\system\Database\BaseConnection.php(607): CodeIgniter\Database\BaseConnection->simpleQuery('SELECT `product...')
#3 D:\xamp\htdocs\robinfood\vendor\codeigniter4\framework\system\Database\BaseBuilder.php(1616): CodeIgniter\Database\BaseConnection->query('SELECT `product...', Array, false)
#4 D:\xamp\htdocs\robinfood\vendor\codeigniter4\framework\system\Model.php(877): CodeIgniter\Database\BaseBuilder->get()
#5 D:\xamp\htdocs\robinfood\app\Controllers\admin\InventoryController.php(234): CodeIgniter\Model->__call('get', Array)
#6 D:\xamp\htdocs\robinfood\vendor\codeigniter4\framework\system\CodeIgniter.php(943): App\Controllers\admin\InventoryController->updateSave()
#7 D:\xamp\htdocs\robinfood\vendor\codeigniter4\framework\system\CodeIgniter.php(503): CodeIgniter\CodeIgniter->runController(Object(App\Controllers\admin\InventoryController))
#8 D:\xamp\htdocs\robinfood\vendor\codeigniter4\framework\system\CodeIgniter.php(361): CodeIgniter\CodeIgniter->handleRequest(NULL, Object(Config\Cache), false)
#9 D:\xamp\htdocs\robinfood\index.php(79): CodeIgniter\CodeIgniter->run()
#10 {main}
CRITICAL - 2026-07-17 14:06:07 --> ErrorException: Undefined variable $soldRows
in APPPATH\Controllers\admin\InventoryController.php on line 242.
 1 APPPATH\Controllers\admin\InventoryController.php(242): CodeIgniter\Debug\Exceptions->errorHandler(2, 'Undefined variable $soldRows', 'D:\\xamp\\htdocs\\robinfood\\app\\Controllers\\admin\\InventoryController.php', 242)
 2 SYSTEMPATH\CodeIgniter.php(943): App\Controllers\admin\InventoryController->updateSave()
 3 SYSTEMPATH\CodeIgniter.php(503): CodeIgniter\CodeIgniter->runController(Object(App\Controllers\admin\InventoryController))
 4 SYSTEMPATH\CodeIgniter.php(361): CodeIgniter\CodeIgniter->handleRequest(null, Object(Config\Cache), false)
 5 FCPATH\index.php(79): CodeIgniter\CodeIgniter->run()
INFO - 2026-07-17 14:06:12 --> Session: Class initialized using 'CodeIgniter\Session\Handlers\FileHandler' driver.
ERROR - 2026-07-17 14:06:12 --> mysqli_sql_exception: Table 'robinfood.sale_items' doesn't exist in D:\xamp\htdocs\robinfood\vendor\codeigniter4\framework\system\Database\MySQLi\Connection.php:306
Stack trace:
#0 D:\xamp\htdocs\robinfood\vendor\codeigniter4\framework\system\Database\MySQLi\Connection.php(306): mysqli->query('SELECT `product...', 0)
#1 D:\xamp\htdocs\robinfood\vendor\codeigniter4\framework\system\Database\BaseConnection.php(693): CodeIgniter\Database\MySQLi\Connection->execute('SELECT `product...')
#2 D:\xamp\htdocs\robinfood\vendor\codeigniter4\framework\system\Database\BaseConnection.php(607): CodeIgniter\Database\BaseConnection->simpleQuery('SELECT `product...')
#3 D:\xamp\htdocs\robinfood\vendor\codeigniter4\framework\system\Database\BaseBuilder.php(1616): CodeIgniter\Database\BaseConnection->query('SELECT `product...', Array, false)
#4 D:\xamp\htdocs\robinfood\vendor\codeigniter4\framework\system\Model.php(877): CodeIgniter\Database\BaseBuilder->get()
#5 D:\xamp\htdocs\robinfood\app\Controllers\admin\InventoryController.php(234): CodeIgniter\Model->__call('get', Array)
#6 D:\xamp\htdocs\robinfood\vendor\codeigniter4\framework\system\CodeIgniter.php(943): App\Controllers\admin\InventoryController->updateSave()
#7 D:\xamp\htdocs\robinfood\vendor\codeigniter4\framework\system\CodeIgniter.php(503): CodeIgniter\CodeIgniter->runController(Object(App\Controllers\admin\InventoryController))
#8 D:\xamp\htdocs\robinfood\vendor\codeigniter4\framework\system\CodeIgniter.php(361): CodeIgniter\CodeIgniter->handleRequest(NULL, Object(Config\Cache), false)
#9 D:\xamp\htdocs\robinfood\index.php(79): CodeIgniter\CodeIgniter->run()
#10 {main}
CRITICAL - 2026-07-17 14:06:12 --> ErrorException: Undefined variable $soldRows
in APPPATH\Controllers\admin\InventoryController.php on line 242.
 1 APPPATH\Controllers\admin\InventoryController.php(242): CodeIgniter\Debug\Exceptions->errorHandler(2, 'Undefined variable $soldRows', 'D:\\xamp\\htdocs\\robinfood\\app\\Controllers\\admin\\InventoryController.php', 242)
 2 SYSTEMPATH\CodeIgniter.php(943): App\Controllers\admin\InventoryController->updateSave()
 3 SYSTEMPATH\CodeIgniter.php(503): CodeIgniter\CodeIgniter->runController(Object(App\Controllers\admin\InventoryController))
 4 SYSTEMPATH\CodeIgniter.php(361): CodeIgniter\CodeIgniter->handleRequest(null, Object(Config\Cache), false)
 5 FCPATH\index.php(79): CodeIgniter\CodeIgniter->run()
INFO - 2026-07-17 14:06:32 --> Session: Class initialized using 'CodeIgniter\Session\Handlers\FileHandler' driver.
ERROR - 2026-07-17 14:06:32 --> mysqli_sql_exception: Table 'robinfood.sale_items' doesn't exist in D:\xamp\htdocs\robinfood\vendor\codeigniter4\framework\system\Database\MySQLi\Connection.php:306
Stack trace:
#0 D:\xamp\htdocs\robinfood\vendor\codeigniter4\framework\system\Database\MySQLi\Connection.php(306): mysqli->query('SELECT `product...', 0)
#1 D:\xamp\htdocs\robinfood\vendor\codeigniter4\framework\system\Database\BaseConnection.php(693): CodeIgniter\Database\MySQLi\Connection->execute('SELECT `product...')
#2 D:\xamp\htdocs\robinfood\vendor\codeigniter4\framework\system\Database\BaseConnection.php(607): CodeIgniter\Database\BaseConnection->simpleQuery('SELECT `product...')
#3 D:\xamp\htdocs\robinfood\vendor\codeigniter4\framework\system\Database\BaseBuilder.php(1616): CodeIgniter\Database\BaseConnection->query('SELECT `product...', Array, false)
#4 D:\xamp\htdocs\robinfood\vendor\codeigniter4\framework\system\Model.php(877): CodeIgniter\Database\BaseBuilder->get()
#5 D:\xamp\htdocs\robinfood\app\Controllers\admin\InventoryController.php(227): CodeIgniter\Model->__call('get', Array)
#6 D:\xamp\htdocs\robinfood\vendor\codeigniter4\framework\system\CodeIgniter.php(943): App\Controllers\admin\InventoryController->updateSave()
#7 D:\xamp\htdocs\robinfood\vendor\codeigniter4\framework\system\CodeIgniter.php(503): CodeIgniter\CodeIgniter->runController(Object(App\Controllers\admin\InventoryController))
#8 D:\xamp\htdocs\robinfood\vendor\codeigniter4\framework\system\CodeIgniter.php(361): CodeIgniter\CodeIgniter->handleRequest(NULL, Object(Config\Cache), false)
#9 D:\xamp\htdocs\robinfood\index.php(79): CodeIgniter\CodeIgniter->run()
#10 {main}
CRITICAL - 2026-07-17 14:06:32 --> Error: Call to a member function getResultArray() on bool
in APPPATH\Controllers\admin\InventoryController.php on line 227.
 1 SYSTEMPATH\CodeIgniter.php(943): App\Controllers\admin\InventoryController->updateSave()
 2 SYSTEMPATH\CodeIgniter.php(503): CodeIgniter\CodeIgniter->runController(Object(App\Controllers\admin\InventoryController))
 3 SYSTEMPATH\CodeIgniter.php(361): CodeIgniter\CodeIgniter->handleRequest(null, Object(Config\Cache), false)
 4 FCPATH\index.php(79): CodeIgniter\CodeIgniter->run()
INFO - 2026-07-17 14:09:33 --> Session: Class initialized using 'CodeIgniter\Session\Handlers\FileHandler' driver.
ERROR - 2026-07-17 14:09:33 --> mysqli_sql_exception: Table 'robinfood.sale_items' doesn't exist in D:\xamp\htdocs\robinfood\vendor\codeigniter4\framework\system\Database\MySQLi\Connection.php:306
Stack trace:
#0 D:\xamp\htdocs\robinfood\vendor\codeigniter4\framework\system\Database\MySQLi\Connection.php(306): mysqli->query('SELECT `product...', 0)
#1 D:\xamp\htdocs\robinfood\vendor\codeigniter4\framework\system\Database\BaseConnection.php(693): CodeIgniter\Database\MySQLi\Connection->execute('SELECT `product...')
#2 D:\xamp\htdocs\robinfood\vendor\codeigniter4\framework\system\Database\BaseConnection.php(607): CodeIgniter\Database\BaseConnection->simpleQuery('SELECT `product...')
#3 D:\xamp\htdocs\robinfood\vendor\codeigniter4\framework\system\Database\BaseBuilder.php(1616): CodeIgniter\Database\BaseConnection->query('SELECT `product...', Array, false)
#4 D:\xamp\htdocs\robinfood\vendor\codeigniter4\framework\system\Model.php(243): CodeIgniter\Database\BaseBuilder->get()
#5 D:\xamp\htdocs\robinfood\vendor\codeigniter4\framework\system\BaseModel.php(641): CodeIgniter\Model->doFindAll(0, 0)
#6 D:\xamp\htdocs\robinfood\app\Controllers\admin\InventoryController.php(230): CodeIgniter\BaseModel->findAll()
#7 D:\xamp\htdocs\robinfood\vendor\codeigniter4\framework\system\CodeIgniter.php(943): App\Controllers\admin\InventoryController->updateSave()
#8 D:\xamp\htdocs\robinfood\vendor\codeigniter4\framework\system\CodeIgniter.php(503): CodeIgniter\CodeIgniter->runController(Object(App\Controllers\admin\InventoryController))
#9 D:\xamp\htdocs\robinfood\vendor\codeigniter4\framework\system\CodeIgniter.php(361): CodeIgniter\CodeIgniter->handleRequest(NULL, Object(Config\Cache), false)
#10 D:\xamp\htdocs\robinfood\index.php(79): CodeIgniter\CodeIgniter->run()
#11 {main}
CRITICAL - 2026-07-17 14:09:33 --> Error: Call to a member function getResult() on bool
in SYSTEMPATH\Model.php on line 244.
 1 SYSTEMPATH\BaseModel.php(641): CodeIgniter\Model->doFindAll(0, 0)
 2 APPPATH\Controllers\admin\InventoryController.php(230): CodeIgniter\BaseModel->findAll()
 3 SYSTEMPATH\CodeIgniter.php(943): App\Controllers\admin\InventoryController->updateSave()
 4 SYSTEMPATH\CodeIgniter.php(503): CodeIgniter\CodeIgniter->runController(Object(App\Controllers\admin\InventoryController))
 5 SYSTEMPATH\CodeIgniter.php(361): CodeIgniter\CodeIgniter->handleRequest(null, Object(Config\Cache), false)
 6 FCPATH\index.php(79): CodeIgniter\CodeIgniter->run()
INFO - 2026-07-17 14:09:45 --> Session: Class initialized using 'CodeIgniter\Session\Handlers\FileHandler' driver.
ERROR - 2026-07-17 14:09:45 --> mysqli_sql_exception: Table 'robinfood.sale_items' doesn't exist in D:\xamp\htdocs\robinfood\vendor\codeigniter4\framework\system\Database\MySQLi\Connection.php:306
Stack trace:
#0 D:\xamp\htdocs\robinfood\vendor\codeigniter4\framework\system\Database\MySQLi\Connection.php(306): mysqli->query('SELECT `product...', 0)
#1 D:\xamp\htdocs\robinfood\vendor\codeigniter4\framework\system\Database\BaseConnection.php(693): CodeIgniter\Database\MySQLi\Connection->execute('SELECT `product...')
#2 D:\xamp\htdocs\robinfood\vendor\codeigniter4\framework\system\Database\BaseConnection.php(607): CodeIgniter\Database\BaseConnection->simpleQuery('SELECT `product...')
#3 D:\xamp\htdocs\robinfood\vendor\codeigniter4\framework\system\Database\BaseBuilder.php(1616): CodeIgniter\Database\BaseConnection->query('SELECT `product...', Array, false)
#4 D:\xamp\htdocs\robinfood\vendor\codeigniter4\framework\system\Model.php(243): CodeIgniter\Database\BaseBuilder->get()
#5 D:\xamp\htdocs\robinfood\vendor\codeigniter4\framework\system\BaseModel.php(641): CodeIgniter\Model->doFindAll(0, 0)
#6 D:\xamp\htdocs\robinfood\app\Controllers\admin\InventoryController.php(230): CodeIgniter\BaseModel->findAll()
#7 D:\xamp\htdocs\robinfood\vendor\codeigniter4\framework\system\CodeIgniter.php(943): App\Controllers\admin\InventoryController->updateSave()
#8 D:\xamp\htdocs\robinfood\vendor\codeigniter4\framework\system\CodeIgniter.php(503): CodeIgniter\CodeIgniter->runController(Object(App\Controllers\admin\InventoryController))
#9 D:\xamp\htdocs\robinfood\vendor\codeigniter4\framework\system\CodeIgniter.php(361): CodeIgniter\CodeIgniter->handleRequest(NULL, Object(Config\Cache), false)
#10 D:\xamp\htdocs\robinfood\index.php(79): CodeIgniter\CodeIgniter->run()
#11 {main}
CRITICAL - 2026-07-17 14:09:45 --> Error: Call to a member function getResult() on bool
in SYSTEMPATH\Model.php on line 244.
 1 SYSTEMPATH\BaseModel.php(641): CodeIgniter\Model->doFindAll(0, 0)
 2 APPPATH\Controllers\admin\InventoryController.php(230): CodeIgniter\BaseModel->findAll()
 3 SYSTEMPATH\CodeIgniter.php(943): App\Controllers\admin\InventoryController->updateSave()
 4 SYSTEMPATH\CodeIgniter.php(503): CodeIgniter\CodeIgniter->runController(Object(App\Controllers\admin\InventoryController))
 5 SYSTEMPATH\CodeIgniter.php(361): CodeIgniter\CodeIgniter->handleRequest(null, Object(Config\Cache), false)
 6 FCPATH\index.php(79): CodeIgniter\CodeIgniter->run()
INFO - 2026-07-17 14:11:24 --> Session: Class initialized using 'CodeIgniter\Session\Handlers\FileHandler' driver.
ERROR - 2026-07-17 14:11:24 --> mysqli_sql_exception: Table 'robinfood.sale_items' doesn't exist in D:\xamp\htdocs\robinfood\vendor\codeigniter4\framework\system\Database\MySQLi\Connection.php:306
Stack trace:
#0 D:\xamp\htdocs\robinfood\vendor\codeigniter4\framework\system\Database\MySQLi\Connection.php(306): mysqli->query('SELECT `product...', 0)
#1 D:\xamp\htdocs\robinfood\vendor\codeigniter4\framework\system\Database\BaseConnection.php(693): CodeIgniter\Database\MySQLi\Connection->execute('SELECT `product...')
#2 D:\xamp\htdocs\robinfood\vendor\codeigniter4\framework\system\Database\BaseConnection.php(607): CodeIgniter\Database\BaseConnection->simpleQuery('SELECT `product...')
#3 D:\xamp\htdocs\robinfood\vendor\codeigniter4\framework\system\Database\BaseBuilder.php(1616): CodeIgniter\Database\BaseConnection->query('SELECT `product...', Array, false)
#4 D:\xamp\htdocs\robinfood\vendor\codeigniter4\framework\system\Model.php(243): CodeIgniter\Database\BaseBuilder->get()
#5 D:\xamp\htdocs\robinfood\vendor\codeigniter4\framework\system\BaseModel.php(641): CodeIgniter\Model->doFindAll(0, 0)
#6 D:\xamp\htdocs\robinfood\app\Controllers\admin\InventoryController.php(230): CodeIgniter\BaseModel->findAll()
#7 D:\xamp\htdocs\robinfood\vendor\codeigniter4\framework\system\CodeIgniter.php(943): App\Controllers\admin\InventoryController->updateSave()
#8 D:\xamp\htdocs\robinfood\vendor\codeigniter4\framework\system\CodeIgniter.php(503): CodeIgniter\CodeIgniter->runController(Object(App\Controllers\admin\InventoryController))
#9 D:\xamp\htdocs\robinfood\vendor\codeigniter4\framework\system\CodeIgniter.php(361): CodeIgniter\CodeIgniter->handleRequest(NULL, Object(Config\Cache), false)
#10 D:\xamp\htdocs\robinfood\index.php(79): CodeIgniter\CodeIgniter->run()
#11 {main}
CRITICAL - 2026-07-17 14:11:24 --> Error: Call to a member function getResult() on bool
in SYSTEMPATH\Model.php on line 244.
 1 SYSTEMPATH\BaseModel.php(641): CodeIgniter\Model->doFindAll(0, 0)
 2 APPPATH\Controllers\admin\InventoryController.php(230): CodeIgniter\BaseModel->findAll()
 3 SYSTEMPATH\CodeIgniter.php(943): App\Controllers\admin\InventoryController->updateSave()
 4 SYSTEMPATH\CodeIgniter.php(503): CodeIgniter\CodeIgniter->runController(Object(App\Controllers\admin\InventoryController))
 5 SYSTEMPATH\CodeIgniter.php(361): CodeIgniter\CodeIgniter->handleRequest(null, Object(Config\Cache), false)
 6 FCPATH\index.php(79): CodeIgniter\CodeIgniter->run()
INFO - 2026-07-17 14:14:21 --> Session: Class initialized using 'CodeIgniter\Session\Handlers\FileHandler' driver.
INFO - 2026-07-17 14:14:26 --> Session: Class initialized using 'CodeIgniter\Session\Handlers\FileHandler' driver.
ERROR - 2026-07-17 14:14:27 --> mysqli_sql_exception: Table 'robinfood.sale_items' doesn't exist in D:\xamp\htdocs\robinfood\vendor\codeigniter4\framework\system\Database\MySQLi\Connection.php:306
Stack trace:
#0 D:\xamp\htdocs\robinfood\vendor\codeigniter4\framework\system\Database\MySQLi\Connection.php(306): mysqli->query('SELECT `product...', 0)
#1 D:\xamp\htdocs\robinfood\vendor\codeigniter4\framework\system\Database\BaseConnection.php(693): CodeIgniter\Database\MySQLi\Connection->execute('SELECT `product...')
#2 D:\xamp\htdocs\robinfood\vendor\codeigniter4\framework\system\Database\BaseConnection.php(607): CodeIgniter\Database\BaseConnection->simpleQuery('SELECT `product...')
#3 D:\xamp\htdocs\robinfood\vendor\codeigniter4\framework\system\Database\BaseBuilder.php(1616): CodeIgniter\Database\BaseConnection->query('SELECT `product...', Array, false)
#4 D:\xamp\htdocs\robinfood\vendor\codeigniter4\framework\system\Model.php(877): CodeIgniter\Database\BaseBuilder->get()
#5 D:\xamp\htdocs\robinfood\app\Controllers\admin\InventoryController.php(227): CodeIgniter\Model->__call('get', Array)
#6 D:\xamp\htdocs\robinfood\vendor\codeigniter4\framework\system\CodeIgniter.php(943): App\Controllers\admin\InventoryController->updateSave()
#7 D:\xamp\htdocs\robinfood\vendor\codeigniter4\framework\system\CodeIgniter.php(503): CodeIgniter\CodeIgniter->runController(Object(App\Controllers\admin\InventoryController))
#8 D:\xamp\htdocs\robinfood\vendor\codeigniter4\framework\system\CodeIgniter.php(361): CodeIgniter\CodeIgniter->handleRequest(NULL, Object(Config\Cache), false)
#9 D:\xamp\htdocs\robinfood\index.php(79): CodeIgniter\CodeIgniter->run()
#10 {main}
CRITICAL - 2026-07-17 14:14:27 --> Error: Call to a member function getResultArray() on bool
in APPPATH\Controllers\admin\InventoryController.php on line 227.
 1 SYSTEMPATH\CodeIgniter.php(943): App\Controllers\admin\InventoryController->updateSave()
 2 SYSTEMPATH\CodeIgniter.php(503): CodeIgniter\CodeIgniter->runController(Object(App\Controllers\admin\InventoryController))
 3 SYSTEMPATH\CodeIgniter.php(361): CodeIgniter\CodeIgniter->handleRequest(null, Object(Config\Cache), false)
 4 FCPATH\index.php(79): CodeIgniter\CodeIgniter->run()
INFO - 2026-07-17 14:15:00 --> Session: Class initialized using 'CodeIgniter\Session\Handlers\FileHandler' driver.
ERROR - 2026-07-17 14:15:00 --> mysqli_sql_exception: Table 'robinfood.sale_items' doesn't exist in D:\xamp\htdocs\robinfood\vendor\codeigniter4\framework\system\Database\MySQLi\Connection.php:306
Stack trace:
#0 D:\xamp\htdocs\robinfood\vendor\codeigniter4\framework\system\Database\MySQLi\Connection.php(306): mysqli->query('SELECT `product...', 0)
#1 D:\xamp\htdocs\robinfood\vendor\codeigniter4\framework\system\Database\BaseConnection.php(693): CodeIgniter\Database\MySQLi\Connection->execute('SELECT `product...')
#2 D:\xamp\htdocs\robinfood\vendor\codeigniter4\framework\system\Database\BaseConnection.php(607): CodeIgniter\Database\BaseConnection->simpleQuery('SELECT `product...')
#3 D:\xamp\htdocs\robinfood\vendor\codeigniter4\framework\system\Database\BaseBuilder.php(1616): CodeIgniter\Database\BaseConnection->query('SELECT `product...', Array, false)
#4 D:\xamp\htdocs\robinfood\vendor\codeigniter4\framework\system\Model.php(243): CodeIgniter\Database\BaseBuilder->get()
#5 D:\xamp\htdocs\robinfood\vendor\codeigniter4\framework\system\BaseModel.php(641): CodeIgniter\Model->doFindAll(0, 0)
#6 D:\xamp\htdocs\robinfood\app\Controllers\admin\InventoryController.php(227): CodeIgniter\BaseModel->findAll()
#7 D:\xamp\htdocs\robinfood\vendor\codeigniter4\framework\system\CodeIgniter.php(943): App\Controllers\admin\InventoryController->updateSave()
#8 D:\xamp\htdocs\robinfood\vendor\codeigniter4\framework\system\CodeIgniter.php(503): CodeIgniter\CodeIgniter->runController(Object(App\Controllers\admin\InventoryController))
#9 D:\xamp\htdocs\robinfood\vendor\codeigniter4\framework\system\CodeIgniter.php(361): CodeIgniter\CodeIgniter->handleRequest(NULL, Object(Config\Cache), false)
#10 D:\xamp\htdocs\robinfood\index.php(79): CodeIgniter\CodeIgniter->run()
#11 {main}
CRITICAL - 2026-07-17 14:15:00 --> Error: Call to a member function getResult() on bool
in SYSTEMPATH\Model.php on line 244.
 1 SYSTEMPATH\BaseModel.php(641): CodeIgniter\Model->doFindAll(0, 0)
 2 APPPATH\Controllers\admin\InventoryController.php(227): CodeIgniter\BaseModel->findAll()
 3 SYSTEMPATH\CodeIgniter.php(943): App\Controllers\admin\InventoryController->updateSave()
 4 SYSTEMPATH\CodeIgniter.php(503): CodeIgniter\CodeIgniter->runController(Object(App\Controllers\admin\InventoryController))
 5 SYSTEMPATH\CodeIgniter.php(361): CodeIgniter\CodeIgniter->handleRequest(null, Object(Config\Cache), false)
 6 FCPATH\index.php(79): CodeIgniter\CodeIgniter->run()
INFO - 2026-07-17 14:16:10 --> Session: Class initialized using 'CodeIgniter\Session\Handlers\FileHandler' driver.
ERROR - 2026-07-17 14:16:10 --> mysqli_sql_exception: Table 'robinfood.sale_items' doesn't exist in D:\xamp\htdocs\robinfood\vendor\codeigniter4\framework\system\Database\MySQLi\Connection.php:306
Stack trace:
#0 D:\xamp\htdocs\robinfood\vendor\codeigniter4\framework\system\Database\MySQLi\Connection.php(306): mysqli->query('SELECT `product...', 0)
#1 D:\xamp\htdocs\robinfood\vendor\codeigniter4\framework\system\Database\BaseConnection.php(693): CodeIgniter\Database\MySQLi\Connection->execute('SELECT `product...')
#2 D:\xamp\htdocs\robinfood\vendor\codeigniter4\framework\system\Database\BaseConnection.php(607): CodeIgniter\Database\BaseConnection->simpleQuery('SELECT `product...')
#3 D:\xamp\htdocs\robinfood\vendor\codeigniter4\framework\system\Database\BaseBuilder.php(1616): CodeIgniter\Database\BaseConnection->query('SELECT `product...', Array, false)
#4 D:\xamp\htdocs\robinfood\vendor\codeigniter4\framework\system\Model.php(243): CodeIgniter\Database\BaseBuilder->get()
#5 D:\xamp\htdocs\robinfood\vendor\codeigniter4\framework\system\BaseModel.php(641): CodeIgniter\Model->doFindAll(0, 0)
#6 D:\xamp\htdocs\robinfood\app\Controllers\admin\InventoryController.php(228): CodeIgniter\BaseModel->findAll()
#7 D:\xamp\htdocs\robinfood\vendor\codeigniter4\framework\system\CodeIgniter.php(943): App\Controllers\admin\InventoryController->updateSave()
#8 D:\xamp\htdocs\robinfood\vendor\codeigniter4\framework\system\CodeIgniter.php(503): CodeIgniter\CodeIgniter->runController(Object(App\Controllers\admin\InventoryController))
#9 D:\xamp\htdocs\robinfood\vendor\codeigniter4\framework\system\CodeIgniter.php(361): CodeIgniter\CodeIgniter->handleRequest(NULL, Object(Config\Cache), false)
#10 D:\xamp\htdocs\robinfood\index.php(79): CodeIgniter\CodeIgniter->run()
#11 {main}
CRITICAL - 2026-07-17 14:16:10 --> Error: Call to a member function getResult() on bool
in SYSTEMPATH\Model.php on line 244.
 1 SYSTEMPATH\BaseModel.php(641): CodeIgniter\Model->doFindAll(0, 0)
 2 APPPATH\Controllers\admin\InventoryController.php(228): CodeIgniter\BaseModel->findAll()
 3 SYSTEMPATH\CodeIgniter.php(943): App\Controllers\admin\InventoryController->updateSave()
 4 SYSTEMPATH\CodeIgniter.php(503): CodeIgniter\CodeIgniter->runController(Object(App\Controllers\admin\InventoryController))
 5 SYSTEMPATH\CodeIgniter.php(361): CodeIgniter\CodeIgniter->handleRequest(null, Object(Config\Cache), false)
 6 FCPATH\index.php(79): CodeIgniter\CodeIgniter->run()
INFO - 2026-07-17 14:17:41 --> Session: Class initialized using 'CodeIgniter\Session\Handlers\FileHandler' driver.
INFO - 2026-07-17 14:20:20 --> Session: Class initialized using 'CodeIgniter\Session\Handlers\FileHandler' driver.
ERROR - 2026-07-17 14:20:20 --> mysqli_sql_exception: Table 'robinfood.sale_items' doesn't exist in D:\xamp\htdocs\robinfood\vendor\codeigniter4\framework\system\Database\MySQLi\Connection.php:306
Stack trace:
#0 D:\xamp\htdocs\robinfood\vendor\codeigniter4\framework\system\Database\MySQLi\Connection.php(306): mysqli->query('SELECT `product...', 0)
#1 D:\xamp\htdocs\robinfood\vendor\codeigniter4\framework\system\Database\BaseConnection.php(693): CodeIgniter\Database\MySQLi\Connection->execute('SELECT `product...')
#2 D:\xamp\htdocs\robinfood\vendor\codeigniter4\framework\system\Database\BaseConnection.php(607): CodeIgniter\Database\BaseConnection->simpleQuery('SELECT `product...')
#3 D:\xamp\htdocs\robinfood\vendor\codeigniter4\framework\system\Database\BaseBuilder.php(1616): CodeIgniter\Database\BaseConnection->query('SELECT `product...', Array, false)
#4 D:\xamp\htdocs\robinfood\vendor\codeigniter4\framework\system\Model.php(243): CodeIgniter\Database\BaseBuilder->get()
#5 D:\xamp\htdocs\robinfood\vendor\codeigniter4\framework\system\BaseModel.php(641): CodeIgniter\Model->doFindAll(0, 0)
#6 D:\xamp\htdocs\robinfood\app\Controllers\admin\InventoryController.php(228): CodeIgniter\BaseModel->findAll()
#7 D:\xamp\htdocs\robinfood\vendor\codeigniter4\framework\system\CodeIgniter.php(943): App\Controllers\admin\InventoryController->updateSave()
#8 D:\xamp\htdocs\robinfood\vendor\codeigniter4\framework\system\CodeIgniter.php(503): CodeIgniter\CodeIgniter->runController(Object(App\Controllers\admin\InventoryController))
#9 D:\xamp\htdocs\robinfood\vendor\codeigniter4\framework\system\CodeIgniter.php(361): CodeIgniter\CodeIgniter->handleRequest(NULL, Object(Config\Cache), false)
#10 D:\xamp\htdocs\robinfood\index.php(79): CodeIgniter\CodeIgniter->run()
#11 {main}
CRITICAL - 2026-07-17 14:20:20 --> Error: Call to a member function getResult() on bool
in SYSTEMPATH\Model.php on line 244.
 1 SYSTEMPATH\BaseModel.php(641): CodeIgniter\Model->doFindAll(0, 0)
 2 APPPATH\Controllers\admin\InventoryController.php(228): CodeIgniter\BaseModel->findAll()
 3 SYSTEMPATH\CodeIgniter.php(943): App\Controllers\admin\InventoryController->updateSave()
 4 SYSTEMPATH\CodeIgniter.php(503): CodeIgniter\CodeIgniter->runController(Object(App\Controllers\admin\InventoryController))
 5 SYSTEMPATH\CodeIgniter.php(361): CodeIgniter\CodeIgniter->handleRequest(null, Object(Config\Cache), false)
 6 FCPATH\index.php(79): CodeIgniter\CodeIgniter->run()
INFO - 2026-07-17 14:21:40 --> Session: Class initialized using 'CodeIgniter\Session\Handlers\FileHandler' driver.
ERROR - 2026-07-17 14:21:40 --> mysqli_sql_exception: Table 'robinfood.sale_items' doesn't exist in D:\xamp\htdocs\robinfood\vendor\codeigniter4\framework\system\Database\MySQLi\Connection.php:306
Stack trace:
#0 D:\xamp\htdocs\robinfood\vendor\codeigniter4\framework\system\Database\MySQLi\Connection.php(306): mysqli->query('SELECT `product...', 0)
#1 D:\xamp\htdocs\robinfood\vendor\codeigniter4\framework\system\Database\BaseConnection.php(693): CodeIgniter\Database\MySQLi\Connection->execute('SELECT `product...')
#2 D:\xamp\htdocs\robinfood\vendor\codeigniter4\framework\system\Database\BaseConnection.php(607): CodeIgniter\Database\BaseConnection->simpleQuery('SELECT `product...')
#3 D:\xamp\htdocs\robinfood\vendor\codeigniter4\framework\system\Database\BaseBuilder.php(1616): CodeIgniter\Database\BaseConnection->query('SELECT `product...', Array, false)
#4 D:\xamp\htdocs\robinfood\vendor\codeigniter4\framework\system\Model.php(877): CodeIgniter\Database\BaseBuilder->get()
#5 D:\xamp\htdocs\robinfood\app\Controllers\admin\InventoryController.php(232): CodeIgniter\Model->__call('get', Array)
#6 D:\xamp\htdocs\robinfood\vendor\codeigniter4\framework\system\CodeIgniter.php(943): App\Controllers\admin\InventoryController->updateSave()
#7 D:\xamp\htdocs\robinfood\vendor\codeigniter4\framework\system\CodeIgniter.php(503): CodeIgniter\CodeIgniter->runController(Object(App\Controllers\admin\InventoryController))
#8 D:\xamp\htdocs\robinfood\vendor\codeigniter4\framework\system\CodeIgniter.php(361): CodeIgniter\CodeIgniter->handleRequest(NULL, Object(Config\Cache), false)
#9 D:\xamp\htdocs\robinfood\index.php(79): CodeIgniter\CodeIgniter->run()
#10 {main}
CRITICAL - 2026-07-17 14:21:40 --> CodeIgniter\Exceptions\ModelException: You cannot use "getCompiledSelect()" in "App\Models\SaleItemModel". This is a method of the Query Builder Class.
in SYSTEMPATH\Model.php on line 895.
 1 SYSTEMPATH\Model.php(895): CodeIgniter\Exceptions\ModelException::forMethodNotAvailable('App\\Models\\SaleItemModel', 'getCompiledSelect()')
 2 SYSTEMPATH\Model.php(875): CodeIgniter\Model->checkBuilderMethod('getCompiledSelect')
 3 APPPATH\Controllers\admin\InventoryController.php(238): CodeIgniter\Model->__call('getCompiledSelect', [])
 4 SYSTEMPATH\CodeIgniter.php(943): App\Controllers\admin\InventoryController->updateSave()
 5 SYSTEMPATH\CodeIgniter.php(503): CodeIgniter\CodeIgniter->runController(Object(App\Controllers\admin\InventoryController))
 6 SYSTEMPATH\CodeIgniter.php(361): CodeIgniter\CodeIgniter->handleRequest(null, Object(Config\Cache), false)
 7 FCPATH\index.php(79): CodeIgniter\CodeIgniter->run()
INFO - 2026-07-17 14:22:48 --> Session: Class initialized using 'CodeIgniter\Session\Handlers\FileHandler' driver.
ERROR - 2026-07-17 14:22:48 --> mysqli_sql_exception: Table 'robinfood.sale_items' doesn't exist in D:\xamp\htdocs\robinfood\vendor\codeigniter4\framework\system\Database\MySQLi\Connection.php:306
Stack trace:
#0 D:\xamp\htdocs\robinfood\vendor\codeigniter4\framework\system\Database\MySQLi\Connection.php(306): mysqli->query('SELECT `product...', 0)
#1 D:\xamp\htdocs\robinfood\vendor\codeigniter4\framework\system\Database\BaseConnection.php(693): CodeIgniter\Database\MySQLi\Connection->execute('SELECT `product...')
#2 D:\xamp\htdocs\robinfood\vendor\codeigniter4\framework\system\Database\BaseConnection.php(607): CodeIgniter\Database\BaseConnection->simpleQuery('SELECT `product...')
#3 D:\xamp\htdocs\robinfood\vendor\codeigniter4\framework\system\Database\BaseBuilder.php(1616): CodeIgniter\Database\BaseConnection->query('SELECT `product...', Array, false)
#4 D:\xamp\htdocs\robinfood\vendor\codeigniter4\framework\system\Model.php(877): CodeIgniter\Database\BaseBuilder->get()
#5 D:\xamp\htdocs\robinfood\app\Controllers\admin\InventoryController.php(231): CodeIgniter\Model->__call('get', Array)
#6 D:\xamp\htdocs\robinfood\vendor\codeigniter4\framework\system\CodeIgniter.php(943): App\Controllers\admin\InventoryController->updateSave()
#7 D:\xamp\htdocs\robinfood\vendor\codeigniter4\framework\system\CodeIgniter.php(503): CodeIgniter\CodeIgniter->runController(Object(App\Controllers\admin\InventoryController))
#8 D:\xamp\htdocs\robinfood\vendor\codeigniter4\framework\system\CodeIgniter.php(361): CodeIgniter\CodeIgniter->handleRequest(NULL, Object(Config\Cache), false)
#9 D:\xamp\htdocs\robinfood\index.php(79): CodeIgniter\CodeIgniter->run()
#10 {main}
CRITICAL - 2026-07-17 14:22:48 --> CodeIgniter\Exceptions\ModelException: You cannot use "getCompiledSelect()" in "App\Models\SaleItemModel". This is a method of the Query Builder Class.
in SYSTEMPATH\Model.php on line 895.
 1 SYSTEMPATH\Model.php(895): CodeIgniter\Exceptions\ModelException::forMethodNotAvailable('App\\Models\\SaleItemModel', 'getCompiledSelect()')
 2 SYSTEMPATH\Model.php(875): CodeIgniter\Model->checkBuilderMethod('getCompiledSelect')
 3 APPPATH\Controllers\admin\InventoryController.php(237): CodeIgniter\Model->__call('getCompiledSelect', [])
 4 SYSTEMPATH\CodeIgniter.php(943): App\Controllers\admin\InventoryController->updateSave()
 5 SYSTEMPATH\CodeIgniter.php(503): CodeIgniter\CodeIgniter->runController(Object(App\Controllers\admin\InventoryController))
 6 SYSTEMPATH\CodeIgniter.php(361): CodeIgniter\CodeIgniter->handleRequest(null, Object(Config\Cache), false)
 7 FCPATH\index.php(79): CodeIgniter\CodeIgniter->run()
INFO - 2026-07-17 14:23:42 --> Session: Class initialized using 'CodeIgniter\Session\Handlers\FileHandler' driver.
ERROR - 2026-07-17 14:23:42 --> mysqli_sql_exception: Table 'robinfood.sale_items' doesn't exist in D:\xamp\htdocs\robinfood\vendor\codeigniter4\framework\system\Database\MySQLi\Connection.php:306
Stack trace:
#0 D:\xamp\htdocs\robinfood\vendor\codeigniter4\framework\system\Database\MySQLi\Connection.php(306): mysqli->query('SELECT `product...', 0)
#1 D:\xamp\htdocs\robinfood\vendor\codeigniter4\framework\system\Database\BaseConnection.php(693): CodeIgniter\Database\MySQLi\Connection->execute('SELECT `product...')
#2 D:\xamp\htdocs\robinfood\vendor\codeigniter4\framework\system\Database\BaseConnection.php(607): CodeIgniter\Database\BaseConnection->simpleQuery('SELECT `product...')
#3 D:\xamp\htdocs\robinfood\vendor\codeigniter4\framework\system\Database\BaseBuilder.php(1616): CodeIgniter\Database\BaseConnection->query('SELECT `product...', Array, false)
#4 D:\xamp\htdocs\robinfood\app\Controllers\admin\InventoryController.php(232): CodeIgniter\Database\BaseBuilder->get()
#5 D:\xamp\htdocs\robinfood\vendor\codeigniter4\framework\system\CodeIgniter.php(943): App\Controllers\admin\InventoryController->updateSave()
#6 D:\xamp\htdocs\robinfood\vendor\codeigniter4\framework\system\CodeIgniter.php(503): CodeIgniter\CodeIgniter->runController(Object(App\Controllers\admin\InventoryController))
#7 D:\xamp\htdocs\robinfood\vendor\codeigniter4\framework\system\CodeIgniter.php(361): CodeIgniter\CodeIgniter->handleRequest(NULL, Object(Config\Cache), false)
#8 D:\xamp\htdocs\robinfood\index.php(79): CodeIgniter\CodeIgniter->run()
#9 {main}
INFO - 2026-07-17 14:27:00 --> Session: Class initialized using 'CodeIgniter\Session\Handlers\FileHandler' driver.
INFO - 2026-07-17 14:27:01 --> Session: Class initialized using 'CodeIgniter\Session\Handlers\FileHandler' driver.
INFO - 2026-07-17 14:27:01 --> Session: Class initialized using 'CodeIgniter\Session\Handlers\FileHandler' driver.
INFO - 2026-07-17 14:46:40 --> Session: Class initialized using 'CodeIgniter\Session\Handlers\FileHandler' driver.
ERROR - 2026-07-17 14:46:40 --> mysqli_sql_exception: Unknown column 'quantity' in 'field list' in D:\xamp\htdocs\robinfood\vendor\codeigniter4\framework\system\Database\MySQLi\Connection.php:306
Stack trace:
#0 D:\xamp\htdocs\robinfood\vendor\codeigniter4\framework\system\Database\MySQLi\Connection.php(306): mysqli->query('SELECT `product...', 0)
#1 D:\xamp\htdocs\robinfood\vendor\codeigniter4\framework\system\Database\BaseConnection.php(693): CodeIgniter\Database\MySQLi\Connection->execute('SELECT `product...')
#2 D:\xamp\htdocs\robinfood\vendor\codeigniter4\framework\system\Database\BaseConnection.php(607): CodeIgniter\Database\BaseConnection->simpleQuery('SELECT `product...')
#3 D:\xamp\htdocs\robinfood\vendor\codeigniter4\framework\system\Database\BaseBuilder.php(1616): CodeIgniter\Database\BaseConnection->query('SELECT `product...', Array, false)
#4 D:\xamp\htdocs\robinfood\app\Controllers\admin\InventoryController.php(236): CodeIgniter\Database\BaseBuilder->get()
#5 D:\xamp\htdocs\robinfood\vendor\codeigniter4\framework\system\CodeIgniter.php(943): App\Controllers\admin\InventoryController->updateSave()
#6 D:\xamp\htdocs\robinfood\vendor\codeigniter4\framework\system\CodeIgniter.php(503): CodeIgniter\CodeIgniter->runController(Object(App\Controllers\admin\InventoryController))
#7 D:\xamp\htdocs\robinfood\vendor\codeigniter4\framework\system\CodeIgniter.php(361): CodeIgniter\CodeIgniter->handleRequest(NULL, Object(Config\Cache), false)
#8 D:\xamp\htdocs\robinfood\index.php(79): CodeIgniter\CodeIgniter->run()
#9 {main}
INFO - 2026-07-17 14:46:52 --> Session: Class initialized using 'CodeIgniter\Session\Handlers\FileHandler' driver.
INFO - 2026-07-17 14:51:54 --> Session: Class initialized using 'CodeIgniter\Session\Handlers\FileHandler' driver.
INFO - 2026-07-17 14:52:34 --> Session: Class initialized using 'CodeIgniter\Session\Handlers\FileHandler' driver.
INFO - 2026-07-17 14:52:54 --> Session: Class initialized using 'CodeIgniter\Session\Handlers\FileHandler' driver.
INFO - 2026-07-17 14:52:55 --> Session: Class initialized using 'CodeIgniter\Session\Handlers\FileHandler' driver.
INFO - 2026-07-17 14:52:58 --> Session: Class initialized using 'CodeIgniter\Session\Handlers\FileHandler' driver.
INFO - 2026-07-17 14:52:59 --> Session: Class initialized using 'CodeIgniter\Session\Handlers\FileHandler' driver.
INFO - 2026-07-17 14:52:59 --> Session: Class initialized using 'CodeIgniter\Session\Handlers\FileHandler' driver.
INFO - 2026-07-17 14:52:59 --> Session: Class initialized using 'CodeIgniter\Session\Handlers\FileHandler' driver.
INFO - 2026-07-17 14:53:01 --> Session: Class initialized using 'CodeIgniter\Session\Handlers\FileHandler' driver.
INFO - 2026-07-17 14:53:02 --> Session: Class initialized using 'CodeIgniter\Session\Handlers\FileHandler' driver.
INFO - 2026-07-17 14:53:02 --> Session: Class initialized using 'CodeIgniter\Session\Handlers\FileHandler' driver.
INFO - 2026-07-17 14:53:03 --> Session: Class initialized using 'CodeIgniter\Session\Handlers\FileHandler' driver.
INFO - 2026-07-17 14:53:04 --> Session: Class initialized using 'CodeIgniter\Session\Handlers\FileHandler' driver.
INFO - 2026-07-17 14:53:05 --> Session: Class initialized using 'CodeIgniter\Session\Handlers\FileHandler' driver.
INFO - 2026-07-17 14:53:05 --> Session: Class initialized using 'CodeIgniter\Session\Handlers\FileHandler' driver.
INFO - 2026-07-17 14:53:05 --> Session: Class initialized using 'CodeIgniter\Session\Handlers\FileHandler' driver.
INFO - 2026-07-17 14:53:06 --> Session: Class initialized using 'CodeIgniter\Session\Handlers\FileHandler' driver.
INFO - 2026-07-17 14:53:06 --> Session: Class initialized using 'CodeIgniter\Session\Handlers\FileHandler' driver.
INFO - 2026-07-17 14:53:06 --> Session: Class initialized using 'CodeIgniter\Session\Handlers\FileHandler' driver.
INFO - 2026-07-17 14:53:06 --> Session: Class initialized using 'CodeIgniter\Session\Handlers\FileHandler' driver.
INFO - 2026-07-17 14:53:07 --> Session: Class initialized using 'CodeIgniter\Session\Handlers\FileHandler' driver.
INFO - 2026-07-17 14:53:22 --> Session: Class initialized using 'CodeIgniter\Session\Handlers\FileHandler' driver.
INFO - 2026-07-17 14:53:22 --> Session: Class initialized using 'CodeIgniter\Session\Handlers\FileHandler' driver.
INFO - 2026-07-17 14:53:38 --> Session: Class initialized using 'CodeIgniter\Session\Handlers\FileHandler' driver.
INFO - 2026-07-17 14:53:50 --> Session: Class initialized using 'CodeIgniter\Session\Handlers\FileHandler' driver.
INFO - 2026-07-17 14:53:51 --> Session: Class initialized using 'CodeIgniter\Session\Handlers\FileHandler' driver.
INFO - 2026-07-17 14:53:54 --> Session: Class initialized using 'CodeIgniter\Session\Handlers\FileHandler' driver.
INFO - 2026-07-17 14:53:56 --> Session: Class initialized using 'CodeIgniter\Session\Handlers\FileHandler' driver.
INFO - 2026-07-17 14:53:56 --> Session: Class initialized using 'CodeIgniter\Session\Handlers\FileHandler' driver.
INFO - 2026-07-17 14:53:57 --> Session: Class initialized using 'CodeIgniter\Session\Handlers\FileHandler' driver.
INFO - 2026-07-17 14:53:57 --> Session: Class initialized using 'CodeIgniter\Session\Handlers\FileHandler' driver.
INFO - 2026-07-17 14:53:57 --> Session: Class initialized using 'CodeIgniter\Session\Handlers\FileHandler' driver.
INFO - 2026-07-17 14:53:59 --> Session: Class initialized using 'CodeIgniter\Session\Handlers\FileHandler' driver.
INFO - 2026-07-17 14:53:59 --> Session: Class initialized using 'CodeIgniter\Session\Handlers\FileHandler' driver.
INFO - 2026-07-17 14:53:59 --> Session: Class initialized using 'CodeIgniter\Session\Handlers\FileHandler' driver.
INFO - 2026-07-17 14:54:00 --> Session: Class initialized using 'CodeIgniter\Session\Handlers\FileHandler' driver.
INFO - 2026-07-17 14:56:30 --> Session: Class initialized using 'CodeIgniter\Session\Handlers\FileHandler' driver.
INFO - 2026-07-17 14:58:08 --> Session: Class initialized using 'CodeIgniter\Session\Handlers\FileHandler' driver.
ERROR - 2026-07-17 14:58:08 --> mysqli_sql_exception: Table 'robinfood.sale_items' doesn't exist in D:\xamp\htdocs\robinfood\vendor\codeigniter4\framework\system\Database\MySQLi\Connection.php:306
Stack trace:
#0 D:\xamp\htdocs\robinfood\vendor\codeigniter4\framework\system\Database\MySQLi\Connection.php(306): mysqli->query('SELECT SUM(`qua...', 0)
#1 D:\xamp\htdocs\robinfood\vendor\codeigniter4\framework\system\Database\BaseConnection.php(693): CodeIgniter\Database\MySQLi\Connection->execute('SELECT SUM(`qua...')
#2 D:\xamp\htdocs\robinfood\vendor\codeigniter4\framework\system\Database\BaseConnection.php(607): CodeIgniter\Database\BaseConnection->simpleQuery('SELECT SUM(`qua...')
#3 D:\xamp\htdocs\robinfood\vendor\codeigniter4\framework\system\Database\BaseBuilder.php(1616): CodeIgniter\Database\BaseConnection->query('SELECT SUM(`qua...', Array, false)
#4 D:\xamp\htdocs\robinfood\vendor\codeigniter4\framework\system\Model.php(877): CodeIgniter\Database\BaseBuilder->get()
#5 D:\xamp\htdocs\robinfood\app\Controllers\admin\InventoryController.php(333): CodeIgniter\Model->__call('get', Array)
#6 D:\xamp\htdocs\robinfood\vendor\codeigniter4\framework\system\CodeIgniter.php(943): App\Controllers\admin\InventoryController->updateSave()
#7 D:\xamp\htdocs\robinfood\vendor\codeigniter4\framework\system\CodeIgniter.php(503): CodeIgniter\CodeIgniter->runController(Object(App\Controllers\admin\InventoryController))
#8 D:\xamp\htdocs\robinfood\vendor\codeigniter4\framework\system\CodeIgniter.php(361): CodeIgniter\CodeIgniter->handleRequest(NULL, Object(Config\Cache), false)
#9 D:\xamp\htdocs\robinfood\index.php(79): CodeIgniter\CodeIgniter->run()
#10 {main}
CRITICAL - 2026-07-17 14:58:08 --> Error: Call to a member function getRow() on bool
in APPPATH\Controllers\admin\InventoryController.php on line 333.
 1 SYSTEMPATH\CodeIgniter.php(943): App\Controllers\admin\InventoryController->updateSave()
 2 SYSTEMPATH\CodeIgniter.php(503): CodeIgniter\CodeIgniter->runController(Object(App\Controllers\admin\InventoryController))
 3 SYSTEMPATH\CodeIgniter.php(361): CodeIgniter\CodeIgniter->handleRequest(null, Object(Config\Cache), false)
 4 FCPATH\index.php(79): CodeIgniter\CodeIgniter->run()
INFO - 2026-07-17 15:09:24 --> Session: Class initialized using 'CodeIgniter\Session\Handlers\FileHandler' driver.
ERROR - 2026-07-17 15:09:24 --> mysqli_sql_exception: Unknown column 'customer_order_items.product_id' in 'field list' in D:\xamp\htdocs\robinfood\vendor\codeigniter4\framework\system\Database\MySQLi\Connection.php:306
Stack trace:
#0 D:\xamp\htdocs\robinfood\vendor\codeigniter4\framework\system\Database\MySQLi\Connection.php(306): mysqli->query('SELECT `custome...', 0)
#1 D:\xamp\htdocs\robinfood\vendor\codeigniter4\framework\system\Database\BaseConnection.php(693): CodeIgniter\Database\MySQLi\Connection->execute('SELECT `custome...')
#2 D:\xamp\htdocs\robinfood\vendor\codeigniter4\framework\system\Database\BaseConnection.php(607): CodeIgniter\Database\BaseConnection->simpleQuery('SELECT `custome...')
#3 D:\xamp\htdocs\robinfood\vendor\codeigniter4\framework\system\Database\BaseBuilder.php(1616): CodeIgniter\Database\BaseConnection->query('SELECT `custome...', Array, false)
#4 D:\xamp\htdocs\robinfood\app\Controllers\admin\InventoryController.php(340): CodeIgniter\Database\BaseBuilder->get()
#5 D:\xamp\htdocs\robinfood\vendor\codeigniter4\framework\system\CodeIgniter.php(943): App\Controllers\admin\InventoryController->updateSave()
#6 D:\xamp\htdocs\robinfood\vendor\codeigniter4\framework\system\CodeIgniter.php(503): CodeIgniter\CodeIgniter->runController(Object(App\Controllers\admin\InventoryController))
#7 D:\xamp\htdocs\robinfood\vendor\codeigniter4\framework\system\CodeIgniter.php(361): CodeIgniter\CodeIgniter->handleRequest(NULL, Object(Config\Cache), false)
#8 D:\xamp\htdocs\robinfood\index.php(79): CodeIgniter\CodeIgniter->run()
#9 {main}
CRITICAL - 2026-07-17 15:09:24 --> Error: Call to a member function getRow() on bool
in APPPATH\Controllers\admin\InventoryController.php on line 340.
 1 SYSTEMPATH\CodeIgniter.php(943): App\Controllers\admin\InventoryController->updateSave()
 2 SYSTEMPATH\CodeIgniter.php(503): CodeIgniter\CodeIgniter->runController(Object(App\Controllers\admin\InventoryController))
 3 SYSTEMPATH\CodeIgniter.php(361): CodeIgniter\CodeIgniter->handleRequest(null, Object(Config\Cache), false)
 4 FCPATH\index.php(79): CodeIgniter\CodeIgniter->run()
INFO - 2026-07-17 15:09:58 --> Session: Class initialized using 'CodeIgniter\Session\Handlers\FileHandler' driver.
INFO - 2026-07-17 15:11:00 --> Session: Class initialized using 'CodeIgniter\Session\Handlers\FileHandler' driver.
INFO - 2026-07-17 15:11:01 --> Session: Class initialized using 'CodeIgniter\Session\Handlers\FileHandler' driver.
INFO - 2026-07-17 15:11:04 --> Session: Class initialized using 'CodeIgniter\Session\Handlers\FileHandler' driver.
INFO - 2026-07-17 15:11:11 --> Session: Class initialized using 'CodeIgniter\Session\Handlers\FileHandler' driver.
INFO - 2026-07-17 15:11:12 --> Session: Class initialized using 'CodeIgniter\Session\Handlers\FileHandler' driver.
INFO - 2026-07-17 15:11:18 --> Session: Class initialized using 'CodeIgniter\Session\Handlers\FileHandler' driver.
INFO - 2026-07-17 15:11:18 --> Session: Class initialized using 'CodeIgniter\Session\Handlers\FileHandler' driver.
INFO - 2026-07-17 15:11:20 --> Session: Class initialized using 'CodeIgniter\Session\Handlers\FileHandler' driver.
INFO - 2026-07-17 15:11:23 --> Session: Class initialized using 'CodeIgniter\Session\Handlers\FileHandler' driver.
INFO - 2026-07-17 15:11:24 --> Session: Class initialized using 'CodeIgniter\Session\Handlers\FileHandler' driver.
INFO - 2026-07-17 15:11:24 --> Session: Class initialized using 'CodeIgniter\Session\Handlers\FileHandler' driver.
INFO - 2026-07-17 15:11:26 --> Session: Class initialized using 'CodeIgniter\Session\Handlers\FileHandler' driver.
INFO - 2026-07-17 15:11:26 --> Session: Class initialized using 'CodeIgniter\Session\Handlers\FileHandler' driver.
INFO - 2026-07-17 15:11:26 --> Session: Class initialized using 'CodeIgniter\Session\Handlers\FileHandler' driver.
INFO - 2026-07-17 15:11:27 --> Session: Class initialized using 'CodeIgniter\Session\Handlers\FileHandler' driver.
INFO - 2026-07-17 15:11:29 --> Session: Class initialized using 'CodeIgniter\Session\Handlers\FileHandler' driver.
INFO - 2026-07-17 15:11:29 --> Session: Class initialized using 'CodeIgniter\Session\Handlers\FileHandler' driver.
INFO - 2026-07-17 15:11:29 --> Session: Class initialized using 'CodeIgniter\Session\Handlers\FileHandler' driver.
INFO - 2026-07-17 15:11:29 --> Session: Class initialized using 'CodeIgniter\Session\Handlers\FileHandler' driver.
INFO - 2026-07-17 15:11:30 --> Session: Class initialized using 'CodeIgniter\Session\Handlers\FileHandler' driver.
INFO - 2026-07-17 15:11:37 --> Session: Class initialized using 'CodeIgniter\Session\Handlers\FileHandler' driver.
INFO - 2026-07-17 15:11:38 --> Session: Class initialized using 'CodeIgniter\Session\Handlers\FileHandler' driver.
INFO - 2026-07-17 15:11:52 --> Session: Class initialized using 'CodeIgniter\Session\Handlers\FileHandler' driver.
INFO - 2026-07-17 15:11:54 --> Session: Class initialized using 'CodeIgniter\Session\Handlers\FileHandler' driver.
INFO - 2026-07-17 15:11:59 --> Session: Class initialized using 'CodeIgniter\Session\Handlers\FileHandler' driver.
INFO - 2026-07-17 15:12:00 --> Session: Class initialized using 'CodeIgniter\Session\Handlers\FileHandler' driver.
INFO - 2026-07-17 15:12:05 --> Session: Class initialized using 'CodeIgniter\Session\Handlers\FileHandler' driver.
INFO - 2026-07-17 15:12:05 --> Session: Class initialized using 'CodeIgniter\Session\Handlers\FileHandler' driver.
INFO - 2026-07-17 15:12:17 --> Session: Class initialized using 'CodeIgniter\Session\Handlers\FileHandler' driver.
INFO - 2026-07-17 15:12:17 --> Session: Class initialized using 'CodeIgniter\Session\Handlers\FileHandler' driver.
INFO - 2026-07-17 15:12:17 --> Session: Class initialized using 'CodeIgniter\Session\Handlers\FileHandler' driver.
INFO - 2026-07-17 15:12:17 --> Session: Class initialized using 'CodeIgniter\Session\Handlers\FileHandler' driver.
INFO - 2026-07-17 15:12:17 --> Session: Class initialized using 'CodeIgniter\Session\Handlers\FileHandler' driver.
INFO - 2026-07-17 15:12:17 --> Session: Class initialized using 'CodeIgniter\Session\Handlers\FileHandler' driver.
INFO - 2026-07-17 15:12:18 --> Session: Class initialized using 'CodeIgniter\Session\Handlers\FileHandler' driver.
INFO - 2026-07-17 15:12:18 --> Session: Class initialized using 'CodeIgniter\Session\Handlers\FileHandler' driver.
INFO - 2026-07-17 15:12:18 --> Session: Class initialized using 'CodeIgniter\Session\Handlers\FileHandler' driver.
INFO - 2026-07-17 15:12:27 --> Session: Class initialized using 'CodeIgniter\Session\Handlers\FileHandler' driver.
INFO - 2026-07-17 15:12:32 --> Session: Class initialized using 'CodeIgniter\Session\Handlers\FileHandler' driver.
INFO - 2026-07-17 15:12:41 --> Session: Class initialized using 'CodeIgniter\Session\Handlers\FileHandler' driver.
INFO - 2026-07-17 15:12:43 --> Session: Class initialized using 'CodeIgniter\Session\Handlers\FileHandler' driver.
INFO - 2026-07-17 15:12:43 --> Session: Class initialized using 'CodeIgniter\Session\Handlers\FileHandler' driver.
INFO - 2026-07-17 15:12:47 --> Session: Class initialized using 'CodeIgniter\Session\Handlers\FileHandler' driver.
INFO - 2026-07-17 15:12:48 --> Session: Class initialized using 'CodeIgniter\Session\Handlers\FileHandler' driver.
INFO - 2026-07-17 15:12:48 --> Session: Class initialized using 'CodeIgniter\Session\Handlers\FileHandler' driver.
INFO - 2026-07-17 15:12:59 --> Session: Class initialized using 'CodeIgniter\Session\Handlers\FileHandler' driver.
INFO - 2026-07-17 15:13:02 --> Session: Class initialized using 'CodeIgniter\Session\Handlers\FileHandler' driver.
INFO - 2026-07-17 15:13:08 --> Session: Class initialized using 'CodeIgniter\Session\Handlers\FileHandler' driver.
INFO - 2026-07-17 15:13:10 --> Session: Class initialized using 'CodeIgniter\Session\Handlers\FileHandler' driver.
INFO - 2026-07-17 15:13:10 --> Session: Class initialized using 'CodeIgniter\Session\Handlers\FileHandler' driver.
INFO - 2026-07-17 15:13:12 --> Session: Class initialized using 'CodeIgniter\Session\Handlers\FileHandler' driver.
INFO - 2026-07-17 15:13:12 --> Session: Class initialized using 'CodeIgniter\Session\Handlers\FileHandler' driver.
INFO - 2026-07-17 15:13:13 --> Session: Class initialized using 'CodeIgniter\Session\Handlers\FileHandler' driver.
INFO - 2026-07-17 15:19:02 --> Session: Class initialized using 'CodeIgniter\Session\Handlers\FileHandler' driver.
INFO - 2026-07-17 15:19:03 --> Session: Class initialized using 'CodeIgniter\Session\Handlers\FileHandler' driver.
INFO - 2026-07-17 15:19:03 --> Session: Class initialized using 'CodeIgniter\Session\Handlers\FileHandler' driver.
INFO - 2026-07-17 15:42:01 --> Session: Class initialized using 'CodeIgniter\Session\Handlers\FileHandler' driver.
INFO - 2026-07-17 15:42:03 --> Session: Class initialized using 'CodeIgniter\Session\Handlers\FileHandler' driver.
INFO - 2026-07-17 15:42:05 --> Session: Class initialized using 'CodeIgniter\Session\Handlers\FileHandler' driver.
INFO - 2026-07-17 15:42:08 --> Session: Class initialized using 'CodeIgniter\Session\Handlers\FileHandler' driver.
INFO - 2026-07-17 15:42:09 --> Session: Class initialized using 'CodeIgniter\Session\Handlers\FileHandler' driver.
INFO - 2026-07-17 15:42:11 --> Session: Class initialized using 'CodeIgniter\Session\Handlers\FileHandler' driver.
INFO - 2026-07-17 15:42:13 --> Session: Class initialized using 'CodeIgniter\Session\Handlers\FileHandler' driver.
INFO - 2026-07-17 15:42:14 --> Session: Class initialized using 'CodeIgniter\Session\Handlers\FileHandler' driver.
INFO - 2026-07-17 15:42:16 --> Session: Class initialized using 'CodeIgniter\Session\Handlers\FileHandler' driver.
INFO - 2026-07-17 15:42:18 --> Session: Class initialized using 'CodeIgniter\Session\Handlers\FileHandler' driver.
INFO - 2026-07-17 15:42:21 --> Session: Class initialized using 'CodeIgniter\Session\Handlers\FileHandler' driver.
INFO - 2026-07-17 15:42:21 --> Session: Class initialized using 'CodeIgniter\Session\Handlers\FileHandler' driver.
INFO - 2026-07-17 15:42:28 --> Session: Class initialized using 'CodeIgniter\Session\Handlers\FileHandler' driver.
INFO - 2026-07-17 15:42:28 --> Session: Class initialized using 'CodeIgniter\Session\Handlers\FileHandler' driver.
INFO - 2026-07-17 15:42:31 --> Session: Class initialized using 'CodeIgniter\Session\Handlers\FileHandler' driver.
INFO - 2026-07-17 15:42:31 --> Session: Class initialized using 'CodeIgniter\Session\Handlers\FileHandler' driver.
INFO - 2026-07-17 15:42:32 --> Session: Class initialized using 'CodeIgniter\Session\Handlers\FileHandler' driver.
INFO - 2026-07-17 15:42:42 --> Session: Class initialized using 'CodeIgniter\Session\Handlers\FileHandler' driver.
INFO - 2026-07-17 15:42:43 --> Session: Class initialized using 'CodeIgniter\Session\Handlers\FileHandler' driver.
INFO - 2026-07-17 15:42:45 --> Session: Class initialized using 'CodeIgniter\Session\Handlers\FileHandler' driver.
INFO - 2026-07-17 15:42:46 --> Session: Class initialized using 'CodeIgniter\Session\Handlers\FileHandler' driver.
INFO - 2026-07-17 15:42:48 --> Session: Class initialized using 'CodeIgniter\Session\Handlers\FileHandler' driver.
INFO - 2026-07-17 15:42:49 --> Session: Class initialized using 'CodeIgniter\Session\Handlers\FileHandler' driver.
INFO - 2026-07-17 15:42:49 --> Session: Class initialized using 'CodeIgniter\Session\Handlers\FileHandler' driver.
INFO - 2026-07-17 15:42:54 --> Session: Class initialized using 'CodeIgniter\Session\Handlers\FileHandler' driver.
INFO - 2026-07-17 15:42:55 --> Session: Class initialized using 'CodeIgniter\Session\Handlers\FileHandler' driver.
INFO - 2026-07-17 15:42:55 --> Session: Class initialized using 'CodeIgniter\Session\Handlers\FileHandler' driver.
INFO - 2026-07-17 15:42:55 --> Session: Class initialized using 'CodeIgniter\Session\Handlers\FileHandler' driver.
INFO - 2026-07-17 15:42:58 --> Session: Class initialized using 'CodeIgniter\Session\Handlers\FileHandler' driver.
INFO - 2026-07-17 15:42:59 --> Session: Class initialized using 'CodeIgniter\Session\Handlers\FileHandler' driver.
INFO - 2026-07-17 15:42:59 --> Session: Class initialized using 'CodeIgniter\Session\Handlers\FileHandler' driver.
INFO - 2026-07-17 15:42:59 --> Session: Class initialized using 'CodeIgniter\Session\Handlers\FileHandler' driver.
INFO - 2026-07-17 15:42:59 --> Session: Class initialized using 'CodeIgniter\Session\Handlers\FileHandler' driver.
INFO - 2026-07-17 15:43:06 --> Session: Class initialized using 'CodeIgniter\Session\Handlers\FileHandler' driver.
INFO - 2026-07-17 15:43:09 --> Session: Class initialized using 'CodeIgniter\Session\Handlers\FileHandler' driver.
INFO - 2026-07-17 15:43:11 --> Session: Class initialized using 'CodeIgniter\Session\Handlers\FileHandler' driver.
INFO - 2026-07-17 15:43:11 --> Session: Class initialized using 'CodeIgniter\Session\Handlers\FileHandler' driver.
INFO - 2026-07-17 15:43:13 --> Session: Class initialized using 'CodeIgniter\Session\Handlers\FileHandler' driver.
INFO - 2026-07-17 15:43:14 --> Session: Class initialized using 'CodeIgniter\Session\Handlers\FileHandler' driver.
INFO - 2026-07-17 15:43:14 --> Session: Class initialized using 'CodeIgniter\Session\Handlers\FileHandler' driver.
INFO - 2026-07-17 15:43:23 --> Session: Class initialized using 'CodeIgniter\Session\Handlers\FileHandler' driver.
INFO - 2026-07-17 15:43:31 --> Session: Class initialized using 'CodeIgniter\Session\Handlers\FileHandler' driver.
INFO - 2026-07-17 15:43:33 --> Session: Class initialized using 'CodeIgniter\Session\Handlers\FileHandler' driver.
INFO - 2026-07-17 15:43:34 --> Session: Class initialized using 'CodeIgniter\Session\Handlers\FileHandler' driver.
INFO - 2026-07-17 15:43:36 --> Session: Class initialized using 'CodeIgniter\Session\Handlers\FileHandler' driver.
INFO - 2026-07-17 15:43:37 --> Session: Class initialized using 'CodeIgniter\Session\Handlers\FileHandler' driver.
INFO - 2026-07-17 15:43:37 --> Session: Class initialized using 'CodeIgniter\Session\Handlers\FileHandler' driver.
INFO - 2026-07-17 15:43:44 --> Session: Class initialized using 'CodeIgniter\Session\Handlers\FileHandler' driver.
INFO - 2026-07-17 15:43:48 --> Session: Class initialized using 'CodeIgniter\Session\Handlers\FileHandler' driver.
INFO - 2026-07-17 15:43:50 --> Session: Class initialized using 'CodeIgniter\Session\Handlers\FileHandler' driver.
INFO - 2026-07-17 15:43:51 --> Session: Class initialized using 'CodeIgniter\Session\Handlers\FileHandler' driver.
INFO - 2026-07-17 15:43:52 --> Session: Class initialized using 'CodeIgniter\Session\Handlers\FileHandler' driver.
INFO - 2026-07-17 15:43:53 --> Session: Class initialized using 'CodeIgniter\Session\Handlers\FileHandler' driver.
INFO - 2026-07-17 15:43:54 --> Session: Class initialized using 'CodeIgniter\Session\Handlers\FileHandler' driver.
INFO - 2026-07-17 15:44:01 --> Session: Class initialized using 'CodeIgniter\Session\Handlers\FileHandler' driver.
INFO - 2026-07-17 15:44:02 --> Session: Class initialized using 'CodeIgniter\Session\Handlers\FileHandler' driver.
INFO - 2026-07-17 15:44:02 --> Session: Class initialized using 'CodeIgniter\Session\Handlers\FileHandler' driver.
CRITICAL - 2026-07-17 15:44:04 --> ParseError: syntax error, unexpected token "else"
in APPPATH\Controllers\CheckoutController.php on line 406.
 1 SYSTEMPATH\Autoloader\Autoloader.php(290): CodeIgniter\Autoloader\Autoloader->includeFile('D:\\xamp\\htdocs\\robinfood\\app\\Controllers\\CheckoutController.php')
 2 SYSTEMPATH\Autoloader\Autoloader.php(266): CodeIgniter\Autoloader\Autoloader->loadInNamespace('App\\Controllers\\CheckoutController')
 3 [internal function]: CodeIgniter\Autoloader\Autoloader->loadClass('App\\Controllers\\CheckoutController')
 4 SYSTEMPATH\CodeIgniter.php(901): class_exists('\\App\\Controllers\\CheckoutController', true)
 5 SYSTEMPATH\CodeIgniter.php(490): CodeIgniter\CodeIgniter->startController()
 6 SYSTEMPATH\CodeIgniter.php(361): CodeIgniter\CodeIgniter->handleRequest(null, Object(Config\Cache), false)
 7 FCPATH\index.php(79): CodeIgniter\CodeIgniter->run()
INFO - 2026-07-17 15:44:38 --> Session: Class initialized using 'CodeIgniter\Session\Handlers\FileHandler' driver.
INFO - 2026-07-17 15:44:39 --> Session: Class initialized using 'CodeIgniter\Session\Handlers\FileHandler' driver.
INFO - 2026-07-17 15:44:39 --> Session: Class initialized using 'CodeIgniter\Session\Handlers\FileHandler' driver.
INFO - 2026-07-17 15:44:40 --> Session: Class initialized using 'CodeIgniter\Session\Handlers\FileHandler' driver.
INFO - 2026-07-17 15:44:40 --> Session: Class initialized using 'CodeIgniter\Session\Handlers\FileHandler' driver.
INFO - 2026-07-17 15:44:55 --> Session: Class initialized using 'CodeIgniter\Session\Handlers\FileHandler' driver.
INFO - 2026-07-17 15:44:55 --> Session: Class initialized using 'CodeIgniter\Session\Handlers\FileHandler' driver.
INFO - 2026-07-17 15:44:55 --> Session: Class initialized using 'CodeIgniter\Session\Handlers\FileHandler' driver.
INFO - 2026-07-17 15:44:58 --> Session: Class initialized using 'CodeIgniter\Session\Handlers\FileHandler' driver.
INFO - 2026-07-17 15:44:58 --> Session: Class initialized using 'CodeIgniter\Session\Handlers\FileHandler' driver.
CRITICAL - 2026-07-17 15:44:58 --> ErrorException: Attempt to read property "current_stock" on array
in APPPATH\Controllers\CheckoutController.php on line 123.
 1 APPPATH\Controllers\CheckoutController.php(123): CodeIgniter\Debug\Exceptions->errorHandler(2, 'Attempt to read property "current_stock" on array', 'D:\\xamp\\htdocs\\robinfood\\app\\Controllers\\CheckoutController.php', 123)
 2 SYSTEMPATH\CodeIgniter.php(943): App\Controllers\CheckoutController->placeOrder()
 3 SYSTEMPATH\CodeIgniter.php(503): CodeIgniter\CodeIgniter->runController(Object(App\Controllers\CheckoutController))
 4 SYSTEMPATH\CodeIgniter.php(361): CodeIgniter\CodeIgniter->handleRequest(null, Object(Config\Cache), false)
 5 FCPATH\index.php(79): CodeIgniter\CodeIgniter->run()
INFO - 2026-07-17 15:45:04 --> Session: Class initialized using 'CodeIgniter\Session\Handlers\FileHandler' driver.
INFO - 2026-07-17 15:45:05 --> Session: Class initialized using 'CodeIgniter\Session\Handlers\FileHandler' driver.
CRITICAL - 2026-07-17 15:45:05 --> ErrorException: Attempt to read property "current_stock" on array
in APPPATH\Controllers\CheckoutController.php on line 123.
 1 APPPATH\Controllers\CheckoutController.php(123): CodeIgniter\Debug\Exceptions->errorHandler(2, 'Attempt to read property "current_stock" on array', 'D:\\xamp\\htdocs\\robinfood\\app\\Controllers\\CheckoutController.php', 123)
 2 SYSTEMPATH\CodeIgniter.php(943): App\Controllers\CheckoutController->placeOrder()
 3 SYSTEMPATH\CodeIgniter.php(503): CodeIgniter\CodeIgniter->runController(Object(App\Controllers\CheckoutController))
 4 SYSTEMPATH\CodeIgniter.php(361): CodeIgniter\CodeIgniter->handleRequest(null, Object(Config\Cache), false)
 5 FCPATH\index.php(79): CodeIgniter\CodeIgniter->run()
INFO - 2026-07-17 15:45:32 --> Session: Class initialized using 'CodeIgniter\Session\Handlers\FileHandler' driver.
INFO - 2026-07-17 15:45:33 --> Session: Class initialized using 'CodeIgniter\Session\Handlers\FileHandler' driver.
INFO - 2026-07-17 15:47:14 --> Session: Class initialized using 'CodeIgniter\Session\Handlers\FileHandler' driver.
INFO - 2026-07-17 15:47:15 --> Session: Class initialized using 'CodeIgniter\Session\Handlers\FileHandler' driver.
INFO - 2026-07-17 15:47:38 --> Session: Class initialized using 'CodeIgniter\Session\Handlers\FileHandler' driver.
INFO - 2026-07-17 15:47:38 --> Session: Class initialized using 'CodeIgniter\Session\Handlers\FileHandler' driver.
INFO - 2026-07-17 15:47:41 --> Session: Class initialized using 'CodeIgniter\Session\Handlers\FileHandler' driver.
INFO - 2026-07-17 15:47:42 --> Session: Class initialized using 'CodeIgniter\Session\Handlers\FileHandler' driver.
INFO - 2026-07-17 15:47:42 --> Session: Class initialized using 'CodeIgniter\Session\Handlers\FileHandler' driver.
INFO - 2026-07-17 15:47:42 --> Session: Class initialized using 'CodeIgniter\Session\Handlers\FileHandler' driver.
INFO - 2026-07-17 15:47:44 --> Session: Class initialized using 'CodeIgniter\Session\Handlers\FileHandler' driver.
INFO - 2026-07-17 15:47:44 --> Session: Class initialized using 'CodeIgniter\Session\Handlers\FileHandler' driver.
INFO - 2026-07-17 15:47:44 --> Session: Class initialized using 'CodeIgniter\Session\Handlers\FileHandler' driver.
INFO - 2026-07-17 15:47:45 --> Session: Class initialized using 'CodeIgniter\Session\Handlers\FileHandler' driver.
INFO - 2026-07-17 15:47:45 --> Session: Class initialized using 'CodeIgniter\Session\Handlers\FileHandler' driver.
INFO - 2026-07-17 15:47:50 --> Session: Class initialized using 'CodeIgniter\Session\Handlers\FileHandler' driver.
INFO - 2026-07-17 15:47:56 --> Session: Class initialized using 'CodeIgniter\Session\Handlers\FileHandler' driver.
INFO - 2026-07-17 15:47:57 --> Session: Class initialized using 'CodeIgniter\Session\Handlers\FileHandler' driver.
INFO - 2026-07-17 15:47:58 --> Session: Class initialized using 'CodeIgniter\Session\Handlers\FileHandler' driver.
INFO - 2026-07-17 15:48:28 --> Session: Class initialized using 'CodeIgniter\Session\Handlers\FileHandler' driver.
INFO - 2026-07-17 15:48:29 --> Session: Class initialized using 'CodeIgniter\Session\Handlers\FileHandler' driver.
CRITICAL - 2026-07-17 15:48:29 --> ErrorException: Attempt to read property "current_stock" on array
in APPPATH\Controllers\CheckoutController.php on line 124.
 1 APPPATH\Controllers\CheckoutController.php(124): CodeIgniter\Debug\Exceptions->errorHandler(2, 'Attempt to read property "current_stock" on array', 'D:\\xamp\\htdocs\\robinfood\\app\\Controllers\\CheckoutController.php', 124)
 2 SYSTEMPATH\CodeIgniter.php(943): App\Controllers\CheckoutController->placeOrder()
 3 SYSTEMPATH\CodeIgniter.php(503): CodeIgniter\CodeIgniter->runController(Object(App\Controllers\CheckoutController))
 4 SYSTEMPATH\CodeIgniter.php(361): CodeIgniter\CodeIgniter->handleRequest(null, Object(Config\Cache), false)
 5 FCPATH\index.php(79): CodeIgniter\CodeIgniter->run()
INFO - 2026-07-17 15:49:05 --> Session: Class initialized using 'CodeIgniter\Session\Handlers\FileHandler' driver.
INFO - 2026-07-17 15:49:05 --> Session: Class initialized using 'CodeIgniter\Session\Handlers\FileHandler' driver.
INFO - 2026-07-17 15:49:10 --> Session: Class initialized using 'CodeIgniter\Session\Handlers\FileHandler' driver.
INFO - 2026-07-17 15:49:10 --> Session: Class initialized using 'CodeIgniter\Session\Handlers\FileHandler' driver.
INFO - 2026-07-17 15:49:11 --> Session: Class initialized using 'CodeIgniter\Session\Handlers\FileHandler' driver.
INFO - 2026-07-17 15:49:12 --> Session: Class initialized using 'CodeIgniter\Session\Handlers\FileHandler' driver.
INFO - 2026-07-17 15:49:12 --> Session: Class initialized using 'CodeIgniter\Session\Handlers\FileHandler' driver.
INFO - 2026-07-17 15:49:13 --> Session: Class initialized using 'CodeIgniter\Session\Handlers\FileHandler' driver.
INFO - 2026-07-17 15:49:15 --> Session: Class initialized using 'CodeIgniter\Session\Handlers\FileHandler' driver.
INFO - 2026-07-17 15:49:17 --> Session: Class initialized using 'CodeIgniter\Session\Handlers\FileHandler' driver.
INFO - 2026-07-17 15:49:28 --> Session: Class initialized using 'CodeIgniter\Session\Handlers\FileHandler' driver.
INFO - 2026-07-17 15:49:28 --> Session: Class initialized using 'CodeIgniter\Session\Handlers\FileHandler' driver.
INFO - 2026-07-17 15:49:28 --> Session: Class initialized using 'CodeIgniter\Session\Handlers\FileHandler' driver.
INFO - 2026-07-17 15:49:33 --> Session: Class initialized using 'CodeIgniter\Session\Handlers\FileHandler' driver.
INFO - 2026-07-17 15:49:36 --> Session: Class initialized using 'CodeIgniter\Session\Handlers\FileHandler' driver.
INFO - 2026-07-17 15:49:36 --> Session: Class initialized using 'CodeIgniter\Session\Handlers\FileHandler' driver.
INFO - 2026-07-17 15:49:37 --> Session: Class initialized using 'CodeIgniter\Session\Handlers\FileHandler' driver.
INFO - 2026-07-17 15:49:38 --> Session: Class initialized using 'CodeIgniter\Session\Handlers\FileHandler' driver.
INFO - 2026-07-17 15:50:03 --> Session: Class initialized using 'CodeIgniter\Session\Handlers\FileHandler' driver.
INFO - 2026-07-17 15:50:03 --> Session: Class initialized using 'CodeIgniter\Session\Handlers\FileHandler' driver.
INFO - 2026-07-17 15:50:42 --> Session: Class initialized using 'CodeIgniter\Session\Handlers\FileHandler' driver.
INFO - 2026-07-17 15:50:43 --> Session: Class initialized using 'CodeIgniter\Session\Handlers\FileHandler' driver.
INFO - 2026-07-17 15:50:51 --> Session: Class initialized using 'CodeIgniter\Session\Handlers\FileHandler' driver.
INFO - 2026-07-17 15:50:53 --> Session: Class initialized using 'CodeIgniter\Session\Handlers\FileHandler' driver.
INFO - 2026-07-17 15:50:59 --> Session: Class initialized using 'CodeIgniter\Session\Handlers\FileHandler' driver.
INFO - 2026-07-17 15:50:59 --> Session: Class initialized using 'CodeIgniter\Session\Handlers\FileHandler' driver.
INFO - 2026-07-17 15:51:11 --> Session: Class initialized using 'CodeIgniter\Session\Handlers\FileHandler' driver.
INFO - 2026-07-17 15:51:11 --> Session: Class initialized using 'CodeIgniter\Session\Handlers\FileHandler' driver.
INFO - 2026-07-17 15:51:11 --> Session: Class initialized using 'CodeIgniter\Session\Handlers\FileHandler' driver.
INFO - 2026-07-17 15:51:19 --> Session: Class initialized using 'CodeIgniter\Session\Handlers\FileHandler' driver.
INFO - 2026-07-17 15:51:19 --> Session: Class initialized using 'CodeIgniter\Session\Handlers\FileHandler' driver.
INFO - 2026-07-17 15:51:21 --> Session: Class initialized using 'CodeIgniter\Session\Handlers\FileHandler' driver.
INFO - 2026-07-17 15:51:23 --> Session: Class initialized using 'CodeIgniter\Session\Handlers\FileHandler' driver.
INFO - 2026-07-17 15:51:29 --> Session: Class initialized using 'CodeIgniter\Session\Handlers\FileHandler' driver.
INFO - 2026-07-17 15:51:30 --> Session: Class initialized using 'CodeIgniter\Session\Handlers\FileHandler' driver.
INFO - 2026-07-17 15:51:31 --> Session: Class initialized using 'CodeIgniter\Session\Handlers\FileHandler' driver.
INFO - 2026-07-17 15:51:38 --> Session: Class initialized using 'CodeIgniter\Session\Handlers\FileHandler' driver.
INFO - 2026-07-17 15:51:39 --> Session: Class initialized using 'CodeIgniter\Session\Handlers\FileHandler' driver.
INFO - 2026-07-17 15:51:39 --> Session: Class initialized using 'CodeIgniter\Session\Handlers\FileHandler' driver.
INFO - 2026-07-17 15:51:39 --> Session: Class initialized using 'CodeIgniter\Session\Handlers\FileHandler' driver.
INFO - 2026-07-17 15:51:39 --> Session: Class initialized using 'CodeIgniter\Session\Handlers\FileHandler' driver.
INFO - 2026-07-17 15:51:53 --> Session: Class initialized using 'CodeIgniter\Session\Handlers\FileHandler' driver.
INFO - 2026-07-17 15:51:53 --> Session: Class initialized using 'CodeIgniter\Session\Handlers\FileHandler' driver.
INFO - 2026-07-17 15:51:53 --> Session: Class initialized using 'CodeIgniter\Session\Handlers\FileHandler' driver.
INFO - 2026-07-17 15:51:58 --> Session: Class initialized using 'CodeIgniter\Session\Handlers\FileHandler' driver.
INFO - 2026-07-17 15:51:59 --> Session: Class initialized using 'CodeIgniter\Session\Handlers\FileHandler' driver.
INFO - 2026-07-17 15:51:59 --> Session: Class initialized using 'CodeIgniter\Session\Handlers\FileHandler' driver.
INFO - 2026-07-17 15:52:02 --> Session: Class initialized using 'CodeIgniter\Session\Handlers\FileHandler' driver.
INFO - 2026-07-17 15:52:03 --> Session: Class initialized using 'CodeIgniter\Session\Handlers\FileHandler' driver.
INFO - 2026-07-17 15:52:09 --> Session: Class initialized using 'CodeIgniter\Session\Handlers\FileHandler' driver.
INFO - 2026-07-17 15:52:09 --> Session: Class initialized using 'CodeIgniter\Session\Handlers\FileHandler' driver.
INFO - 2026-07-17 15:52:09 --> Session: Class initialized using 'CodeIgniter\Session\Handlers\FileHandler' driver.
INFO - 2026-07-17 15:52:17 --> Session: Class initialized using 'CodeIgniter\Session\Handlers\FileHandler' driver.
INFO - 2026-07-17 15:52:17 --> Session: Class initialized using 'CodeIgniter\Session\Handlers\FileHandler' driver.
INFO - 2026-07-17 15:52:22 --> Session: Class initialized using 'CodeIgniter\Session\Handlers\FileHandler' driver.
INFO - 2026-07-17 15:52:23 --> Session: Class initialized using 'CodeIgniter\Session\Handlers\FileHandler' driver.
INFO - 2026-07-17 15:52:23 --> Session: Class initialized using 'CodeIgniter\Session\Handlers\FileHandler' driver.
INFO - 2026-07-17 15:52:26 --> Session: Class initialized using 'CodeIgniter\Session\Handlers\FileHandler' driver.
INFO - 2026-07-17 15:52:27 --> Session: Class initialized using 'CodeIgniter\Session\Handlers\FileHandler' driver.
INFO - 2026-07-17 15:52:29 --> Session: Class initialized using 'CodeIgniter\Session\Handlers\FileHandler' driver.
INFO - 2026-07-17 15:52:30 --> Session: Class initialized using 'CodeIgniter\Session\Handlers\FileHandler' driver.
INFO - 2026-07-17 15:52:35 --> Session: Class initialized using 'CodeIgniter\Session\Handlers\FileHandler' driver.
INFO - 2026-07-17 15:52:37 --> Session: Class initialized using 'CodeIgniter\Session\Handlers\FileHandler' driver.
INFO - 2026-07-17 15:52:37 --> Session: Class initialized using 'CodeIgniter\Session\Handlers\FileHandler' driver.
INFO - 2026-07-17 15:52:37 --> Session: Class initialized using 'CodeIgniter\Session\Handlers\FileHandler' driver.
INFO - 2026-07-17 15:52:38 --> Session: Class initialized using 'CodeIgniter\Session\Handlers\FileHandler' driver.
INFO - 2026-07-17 15:52:46 --> Session: Class initialized using 'CodeIgniter\Session\Handlers\FileHandler' driver.
INFO - 2026-07-17 15:52:46 --> Session: Class initialized using 'CodeIgniter\Session\Handlers\FileHandler' driver.
INFO - 2026-07-17 15:52:50 --> Session: Class initialized using 'CodeIgniter\Session\Handlers\FileHandler' driver.
INFO - 2026-07-17 15:52:50 --> Session: Class initialized using 'CodeIgniter\Session\Handlers\FileHandler' driver.
INFO - 2026-07-17 15:53:09 --> Session: Class initialized using 'CodeIgniter\Session\Handlers\FileHandler' driver.
INFO - 2026-07-17 15:53:09 --> Session: Class initialized using 'CodeIgniter\Session\Handlers\FileHandler' driver.
INFO - 2026-07-17 15:53:27 --> Session: Class initialized using 'CodeIgniter\Session\Handlers\FileHandler' driver.
INFO - 2026-07-17 15:53:28 --> Session: Class initialized using 'CodeIgniter\Session\Handlers\FileHandler' driver.
INFO - 2026-07-17 15:53:38 --> Session: Class initialized using 'CodeIgniter\Session\Handlers\FileHandler' driver.
INFO - 2026-07-17 15:53:38 --> Session: Class initialized using 'CodeIgniter\Session\Handlers\FileHandler' driver.
INFO - 2026-07-17 15:53:45 --> Session: Class initialized using 'CodeIgniter\Session\Handlers\FileHandler' driver.
INFO - 2026-07-17 15:53:45 --> Session: Class initialized using 'CodeIgniter\Session\Handlers\FileHandler' driver.
INFO - 2026-07-17 15:53:46 --> Session: Class initialized using 'CodeIgniter\Session\Handlers\FileHandler' driver.
INFO - 2026-07-17 15:53:46 --> Session: Class initialized using 'CodeIgniter\Session\Handlers\FileHandler' driver.
INFO - 2026-07-17 15:53:46 --> Session: Class initialized using 'CodeIgniter\Session\Handlers\FileHandler' driver.
INFO - 2026-07-17 15:53:46 --> Session: Class initialized using 'CodeIgniter\Session\Handlers\FileHandler' driver.
INFO - 2026-07-17 15:53:47 --> Session: Class initialized using 'CodeIgniter\Session\Handlers\FileHandler' driver.
INFO - 2026-07-17 15:53:48 --> Session: Class initialized using 'CodeIgniter\Session\Handlers\FileHandler' driver.
INFO - 2026-07-17 15:53:48 --> Session: Class initialized using 'CodeIgniter\Session\Handlers\FileHandler' driver.
INFO - 2026-07-17 15:53:48 --> Session: Class initialized using 'CodeIgniter\Session\Handlers\FileHandler' driver.
INFO - 2026-07-17 15:53:48 --> Session: Class initialized using 'CodeIgniter\Session\Handlers\FileHandler' driver.
INFO - 2026-07-17 15:53:49 --> Session: Class initialized using 'CodeIgniter\Session\Handlers\FileHandler' driver.
INFO - 2026-07-17 15:53:49 --> Session: Class initialized using 'CodeIgniter\Session\Handlers\FileHandler' driver.
INFO - 2026-07-17 15:53:49 --> Session: Class initialized using 'CodeIgniter\Session\Handlers\FileHandler' driver.
INFO - 2026-07-17 15:53:57 --> Session: Class initialized using 'CodeIgniter\Session\Handlers\FileHandler' driver.
INFO - 2026-07-17 15:53:58 --> Session: Class initialized using 'CodeIgniter\Session\Handlers\FileHandler' driver.
INFO - 2026-07-17 15:53:58 --> Session: Class initialized using 'CodeIgniter\Session\Handlers\FileHandler' driver.
INFO - 2026-07-17 15:54:01 --> Session: Class initialized using 'CodeIgniter\Session\Handlers\FileHandler' driver.
INFO - 2026-07-17 15:54:01 --> Session: Class initialized using 'CodeIgniter\Session\Handlers\FileHandler' driver.
INFO - 2026-07-17 17:33:13 --> Session: Class initialized using 'CodeIgniter\Session\Handlers\FileHandler' driver.
CRITICAL - 2026-07-17 17:33:13 --> Error: Class "App\Controllers\Services" not found
in APPPATH\Controllers\ShiprpketController.php on line 6.
 1 SYSTEMPATH\CodeIgniter.php(943): App\Controllers\ShiprpketController->index()
 2 SYSTEMPATH\CodeIgniter.php(503): CodeIgniter\CodeIgniter->runController(Object(App\Controllers\ShiprpketController))
 3 SYSTEMPATH\CodeIgniter.php(361): CodeIgniter\CodeIgniter->handleRequest(null, Object(Config\Cache), false)
 4 FCPATH\index.php(79): CodeIgniter\CodeIgniter->run()
CRITICAL - 2026-07-17 17:34:19 --> Error: Class "App\Services\ShiprocketService" not found
in APPPATH\Controllers\ShiprpketController.php on line 7.
 1 SYSTEMPATH\CodeIgniter.php(915): App\Controllers\ShiprpketController->__construct()
 2 SYSTEMPATH\CodeIgniter.php(494): CodeIgniter\CodeIgniter->createController()
 3 SYSTEMPATH\CodeIgniter.php(361): CodeIgniter\CodeIgniter->handleRequest(null, Object(Config\Cache), false)
 4 FCPATH\index.php(79): CodeIgniter\CodeIgniter->run()
CRITICAL - 2026-07-17 17:34:21 --> Error: Class "App\Services\ShiprocketService" not found
in APPPATH\Controllers\ShiprpketController.php on line 7.
 1 SYSTEMPATH\CodeIgniter.php(915): App\Controllers\ShiprpketController->__construct()
 2 SYSTEMPATH\CodeIgniter.php(494): CodeIgniter\CodeIgniter->createController()
 3 SYSTEMPATH\CodeIgniter.php(361): CodeIgniter\CodeIgniter->handleRequest(null, Object(Config\Cache), false)
 4 FCPATH\index.php(79): CodeIgniter\CodeIgniter->run()
CRITICAL - 2026-07-17 17:35:10 --> Error: Class "App\Services\ShiprocketService" not found
in APPPATH\Controllers\ShiprpketController.php on line 7.
 1 SYSTEMPATH\CodeIgniter.php(915): App\Controllers\ShiprpketController->__construct()
 2 SYSTEMPATH\CodeIgniter.php(494): CodeIgniter\CodeIgniter->createController()
 3 SYSTEMPATH\CodeIgniter.php(361): CodeIgniter\CodeIgniter->handleRequest(null, Object(Config\Cache), false)
 4 FCPATH\index.php(79): CodeIgniter\CodeIgniter->run()
CRITICAL - 2026-07-17 17:35:12 --> Error: Class "App\Services\ShiprocketService" not found
in APPPATH\Controllers\ShiprpketController.php on line 7.
 1 SYSTEMPATH\CodeIgniter.php(915): App\Controllers\ShiprpketController->__construct()
 2 SYSTEMPATH\CodeIgniter.php(494): CodeIgniter\CodeIgniter->createController()
 3 SYSTEMPATH\CodeIgniter.php(361): CodeIgniter\CodeIgniter->handleRequest(null, Object(Config\Cache), false)
 4 FCPATH\index.php(79): CodeIgniter\CodeIgniter->run()
CRITICAL - 2026-07-17 17:35:12 --> Error: Class "App\Services\ShiprocketService" not found
in APPPATH\Controllers\ShiprpketController.php on line 7.
 1 SYSTEMPATH\CodeIgniter.php(915): App\Controllers\ShiprpketController->__construct()
 2 SYSTEMPATH\CodeIgniter.php(494): CodeIgniter\CodeIgniter->createController()
 3 SYSTEMPATH\CodeIgniter.php(361): CodeIgniter\CodeIgniter->handleRequest(null, Object(Config\Cache), false)
 4 FCPATH\index.php(79): CodeIgniter\CodeIgniter->run()
INFO - 2026-07-17 17:36:21 --> Session: Class initialized using 'CodeIgniter\Session\Handlers\FileHandler' driver.
CRITICAL - 2026-07-17 17:36:21 --> ErrorException: Undefined variable $couriers
in APPPATH\Controllers\ShiprpketController.php on line 14.
 1 APPPATH\Controllers\ShiprpketController.php(14): CodeIgniter\Debug\Exceptions->errorHandler(2, 'Undefined variable $couriers', 'D:\\xamp\\htdocs\\robinfood\\app\\Controllers\\ShiprpketController.php', 14)
 2 SYSTEMPATH\CodeIgniter.php(943): App\Controllers\ShiprpketController->index()
 3 SYSTEMPATH\CodeIgniter.php(503): CodeIgniter\CodeIgniter->runController(Object(App\Controllers\ShiprpketController))
 4 SYSTEMPATH\CodeIgniter.php(361): CodeIgniter\CodeIgniter->handleRequest(null, Object(Config\Cache), false)
 5 FCPATH\index.php(79): CodeIgniter\CodeIgniter->run()
INFO - 2026-07-17 17:36:22 --> Session: Class initialized using 'CodeIgniter\Session\Handlers\FileHandler' driver.
CRITICAL - 2026-07-17 17:36:22 --> ErrorException: Undefined variable $couriers
in APPPATH\Controllers\ShiprpketController.php on line 14.
 1 APPPATH\Controllers\ShiprpketController.php(14): CodeIgniter\Debug\Exceptions->errorHandler(2, 'Undefined variable $couriers', 'D:\\xamp\\htdocs\\robinfood\\app\\Controllers\\ShiprpketController.php', 14)
 2 SYSTEMPATH\CodeIgniter.php(943): App\Controllers\ShiprpketController->index()
 3 SYSTEMPATH\CodeIgniter.php(503): CodeIgniter\CodeIgniter->runController(Object(App\Controllers\ShiprpketController))
 4 SYSTEMPATH\CodeIgniter.php(361): CodeIgniter\CodeIgniter->handleRequest(null, Object(Config\Cache), false)
 5 FCPATH\index.php(79): CodeIgniter\CodeIgniter->run()
INFO - 2026-07-17 17:36:36 --> Session: Class initialized using 'CodeIgniter\Session\Handlers\FileHandler' driver.
INFO - 2026-07-17 17:36:39 --> Session: Class initialized using 'CodeIgniter\Session\Handlers\FileHandler' driver.
INFO - 2026-07-17 17:37:49 --> Session: Class initialized using 'CodeIgniter\Session\Handlers\FileHandler' driver.
INFO - 2026-07-17 17:43:08 --> Session: Class initialized using 'CodeIgniter\Session\Handlers\FileHandler' driver.
CRITICAL - 2026-07-17 17:43:08 --> ErrorException: Undefined property: App\Controllers\ShiprpketController::$shiproket
in APPPATH\Controllers\ShiprpketController.php on line 14.
 1 APPPATH\Controllers\ShiprpketController.php(14): CodeIgniter\Debug\Exceptions->errorHandler(2, 'Undefined property: App\\Controllers\\ShiprpketController::$shiproket', 'D:\\xamp\\htdocs\\robinfood\\app\\Controllers\\ShiprpketController.php', 14)
 2 SYSTEMPATH\CodeIgniter.php(943): App\Controllers\ShiprpketController->index()
 3 SYSTEMPATH\CodeIgniter.php(503): CodeIgniter\CodeIgniter->runController(Object(App\Controllers\ShiprpketController))
 4 SYSTEMPATH\CodeIgniter.php(361): CodeIgniter\CodeIgniter->handleRequest(null, Object(Config\Cache), false)
 5 FCPATH\index.php(79): CodeIgniter\CodeIgniter->run()
INFO - 2026-07-17 17:43:09 --> Session: Class initialized using 'CodeIgniter\Session\Handlers\FileHandler' driver.
CRITICAL - 2026-07-17 17:43:09 --> ErrorException: Undefined property: App\Controllers\ShiprpketController::$shiproket
in APPPATH\Controllers\ShiprpketController.php on line 14.
 1 APPPATH\Controllers\ShiprpketController.php(14): CodeIgniter\Debug\Exceptions->errorHandler(2, 'Undefined property: App\\Controllers\\ShiprpketController::$shiproket', 'D:\\xamp\\htdocs\\robinfood\\app\\Controllers\\ShiprpketController.php', 14)
 2 SYSTEMPATH\CodeIgniter.php(943): App\Controllers\ShiprpketController->index()
 3 SYSTEMPATH\CodeIgniter.php(503): CodeIgniter\CodeIgniter->runController(Object(App\Controllers\ShiprpketController))
 4 SYSTEMPATH\CodeIgniter.php(361): CodeIgniter\CodeIgniter->handleRequest(null, Object(Config\Cache), false)
 5 FCPATH\index.php(79): CodeIgniter\CodeIgniter->run()
INFO - 2026-07-17 17:43:27 --> Session: Class initialized using 'CodeIgniter\Session\Handlers\FileHandler' driver.
